step,t,tid,truth,subtype,x,y,pred,p_uav,threat,d_asset,reco,kill
0,0.0,T00,bird,조류,-4.439077597207432,-0.37823477209759543,새/기타,0.1,6.5,3.77,감시 지속,none
0,0.0,T01,drone,고정익,3.0110296138484274,2.7998098712301953,드론,0.95,63.7,1.87,RF 재밍,soft
0,0.0,T02,bird,조류,-4.27157799521473,-0.8073301048460779,새/기타,0.1,6.5,4.01,감시 지속,none
0,0.0,T03,balloon,오물풍선,-0.5879885731743296,-3.803643944431176,풍선,0.15,8.0,3.85,감시 지속,none
0,0.0,T04,balloon,고고도 미사일 풍선,-4.24196676406553,0.27776443133498185,풍선,0.15,8.0,3.16,감시 지속,none
0,0.0,T05,drone,자폭형(FPV),-4.157592853835849,0.6607007614756543,드론,0.95,50.6,2.84,RF 재밍,soft
0,0.0,T06,bird,조류,-3.9921550207116914,-2.222990416308614,새/기타,0.1,6.5,4.57,감시 지속,none
0,0.0,T07,balloon,오물풍선,3.13958706287965,-2.651456910325782,풍선,0.15,8.0,3.71,감시 지속,none
0,0.0,T08,bird,조류,-4.230927727347884,1.0234533564813644,새/기타,0.1,24.9,2.68,감시 지속,none
0,0.0,T10,bird,조류,3.585840448432517,-1.8739818866840976,새/기타,0.1,6.5,3.07,감시 지속,none
0,0.0,T11,drone,고정익,3.794961350876846,1.5062320653238426,드론,0.95,68.6,1.39,RF 재밍,soft
0,0.0,T13,drone,회전익(헬기형),3.353891049944122,-2.8809364692414205,드론,0.95,35.0,3.97,감시 지속,none
0,0.0,T14,bird,조류,2.9688583871562373,-2.721677665564767,새/기타,0.1,6.5,3.75,감시 지속,none
0,0.0,T15,bird,조류,0.01134732203131476,4.442504519483577,새/기타,0.1,22.8,2.8,감시 지속,none
0,0.0,T16,bird,조류,-1.2408915378088168,-3.851896982721665,새/기타,0.1,6.5,4.05,감시 지속,none
0,0.0,T17,balloon,고고도 미사일 풍선,-3.8433018564237837,1.1575866276666842,풍선,0.15,31.8,2.28,감시 지속,none
0,0.0,T18,bird,조류,-0.8541370087899632,-3.848220297632845,새/기타,0.1,6.5,3.94,감시 지속,none
1,2.0,T00,bird,조류,-4.558405409664838,-0.40029088723934336,새/기타,0.1,6.5,3.87,감시 지속,none
1,2.0,T01,drone,고정익,3.048886256324914,2.8165136243754754,드론,0.95,63.4,1.9,RF 재밍,soft
1,2.0,T02,bird,조류,-4.271582600120426,-0.8045542816486283,새/기타,0.1,10.8,4.01,감시 지속,none
1,2.0,T03,balloon,오물풍선,-0.5124640488324635,-3.778819615695743,풍선,0.15,27.0,3.81,감시 지속,none
1,2.0,T04,balloon,고고도 미사일 풍선,-4.26239522474625,0.3000311850135255,풍선,0.15,9.9,3.16,감시 지속,none
1,2.0,T05,drone,자폭형(FPV),-3.8978893611982195,0.6946021772746954,드론,0.95,73.2,2.62,물리 요격(최후수단),hard
1,2.0,T06,bird,조류,-4.061337503964406,-2.2742925510825587,새/기타,0.1,6.5,4.65,감시 지속,none
1,2.0,T07,balloon,오물풍선,3.1480101284674302,-2.730281386092622,풍선,0.15,8.0,3.79,감시 지속,none
1,2.0,T08,bird,조류,-4.309443145612961,0.9760848021622227,새/기타,0.1,23.3,2.77,감시 지속,none
1,2.0,T09,balloon,고고도 미사일 풍선,-1.4273878928410637,4.49934649691581,풍선,0.15,34.3,2.08,감시 지속,none
1,2.0,T10,bird,조류,3.5883779002245055,-1.915705394423238,새/기타,0.1,6.5,3.11,감시 지속,none
1,2.0,T11,drone,고정익,3.87799682394631,1.5643068194235525,드론,0.95,67.7,1.49,RF 재밍,soft
1,2.0,T12,drone,고정익,4.048414051675995,2.0240954421487714,드론,0.95,82.8,1.86,물리 요격(최후수단),hard
1,2.0,T13,drone,회전익(헬기형),3.316602595023548,-2.937403123823511,드론,0.95,35.0,4.02,감시 지속,none
1,2.0,T14,bird,조류,2.947743329106087,-2.7094867327534664,새/기타,0.1,25.5,3.74,감시 지속,none
1,2.0,T15,bird,조류,-0.018655872133580144,4.473200939952678,새/기타,0.1,22.8,2.8,감시 지속,none
1,2.0,T16,bird,조류,-1.258983173196927,-3.7939923005395326,새/기타,0.1,25.5,4.0,감시 지속,none
1,2.0,T17,balloon,고고도 미사일 풍선,-3.8018603431485407,1.1457188221894978,풍선,0.15,51.2,2.25,포획·유도 회수,soft
1,2.0,T18,bird,조류,-0.8572327275085724,-3.8029891532868945,새/기타,0.1,25.5,3.9,감시 지속,none
1,2.0,T19,bird,조류,0.9616023576462325,-3.9234520024223856,새/기타,0.1,25.5,4.04,감시 지속,none
2,4.0,T00,bird,조류,-4.4952125174026385,-0.35614636467423955,새/기타,0.1,25.5,3.79,감시 지속,none
2,4.0,T01,drone,고정익,2.9944059294824994,2.7608239101368732,드론,0.95,83.1,1.83,물리 요격(최후수단),hard
2,4.0,T02,bird,조류,-4.220997554997082,-0.8233894705873261,새/기타,0.1,25.5,4.0,감시 지속,none
2,4.0,T03,balloon,오물풍선,-0.5441311032467959,-3.7259517404445,풍선,0.15,27.0,3.77,감시 지속,none
2,4.0,T04,balloon,고고도 미사일 풍선,-4.166133812058819,0.38610776798026114,풍선,0.15,27.0,3.03,감시 지속,none
2,4.0,T05,drone,자폭형(FPV),-3.8540742657809774,0.6248257708809284,드론,0.95,54.0,2.64,RF 재밍,soft
2,4.0,T06,bird,조류,-3.940227675487674,-2.2318159270620668,새/기타,0.1,25.5,4.53,감시 지속,none
2,4.0,T07,balloon,오물풍선,3.151893805215594,-2.6985358680560907,풍선,0.15,27.0,3.76,감시 지속,none
2,4.0,T08,bird,조류,-4.281568780315708,0.9668967303381404,새/기타,0.1,42.6,2.75,감시 지속,none
2,4.0,T10,bird,조류,3.5137048301436167,-1.9415937963755376,새/기타,0.1,8.1,3.11,감시 지속,none
2,4.0,T11,drone,고정익,3.733184580021102,1.5650801475152982,드론,0.95,88.0,1.36,물리 요격(최후수단),hard
2,4.0,T13,drone,회전익(헬기형),3.34423697642656,-2.8528498452660798,드론,0.95,54.0,3.94,RF 재밍,soft
2,4.0,T14,bird,조류,2.929873143126169,-2.7888954088357396,새/기타,0.1,6.5,3.81,감시 지속,none
2,4.0,T15,bird,조류,-0.007252673899464469,4.399126288860341,새/기타,0.1,42.6,2.75,감시 지속,none
2,4.0,T16,bird,조류,-1.2307160593146715,-3.7943827366211127,새/기타,0.1,22.5,3.99,감시 지속,none
2,4.0,T17,balloon,고고도 미사일 풍선,-3.7185256485808487,1.1771725967512086,풍선,0.15,52.2,2.17,포획·유도 회수,soft
2,4.0,T18,bird,조류,-0.7375519086816362,-3.8320647994276804,새/기타,0.1,6.5,3.9,감시 지속,none
2,4.0,T19,bird,조류,0.872384593698505,-3.952455412309479,새/기타,0.1,6.5,4.05,감시 지속,none
3,6.0,T00,bird,조류,-4.48307484261297,-0.428344353144709,새/기타,0.1,6.5,3.84,감시 지속,none
3,6.0,T01,drone,고정익,3.0068162917502486,2.7469816947144676,드론,0.95,83.0,1.82,물리 요격(최후수단),hard
3,6.0,T02,bird,조류,-4.214605312723012,-0.7382428238520825,새/기타,0.1,25.5,3.92,감시 지속,none
3,6.0,T03,balloon,오물풍선,-0.6191581629594587,-3.699438756288169,풍선,0.15,27.0,3.75,감시 지속,none
3,6.0,T04,balloon,고고도 미사일 풍선,-4.23067776965793,0.30292355670971516,풍선,0.15,8.0,3.13,감시 지속,none
3,6.0,T05,drone,자폭형(FPV),-3.8665014240665876,0.6186852965788128,드론,0.95,53.8,2.65,RF 재밍,soft
3,6.0,T07,balloon,오물풍선,3.0666488506546252,-2.697476254373466,풍선,0.15,27.0,3.74,감시 지속,none
3,6.0,T08,bird,조류,-4.398372049951995,0.926505034053996,새/기타,0.1,21.4,2.87,감시 지속,none
3,6.0,T09,balloon,고고도 미사일 풍선,-1.49047115353964,4.516415201898164,풍선,0.15,34.3,2.08,감시 지속,none
3,6.0,T10,bird,조류,3.5657038232798226,-1.942925988137463,새/기타,0.1,6.5,3.13,감시 지속,none
3,6.0,T11,drone,고정익,3.7721260584259015,1.5337090361619592,드론,0.95,68.7,1.38,RF 재밍,soft
3,6.0,T12,drone,고정익,4.003192777774082,2.01165820033036,드론,0.95,83.3,1.81,물리 요격(최후수단),hard
3,6.0,T13,drone,회전익(헬기형),3.341115533917942,-2.8304666576483166,드론,0.95,54.0,3.92,RF 재밍,soft
3,6.0,T14,bird,조류,2.87414476058467,-2.7809939030613715,새/기타,0.1,25.5,3.8,감시 지속,none
3,6.0,T15,bird,조류,-0.08354608492523788,4.435452661249723,새/기타,0.1,43.1,2.72,감시 지속,none
3,6.0,T16,bird,조류,-1.2710791648963142,-3.8337336441537353,새/기타,0.1,6.5,4.04,감시 지속,none
3,6.0,T17,balloon,고고도 미사일 풍선,-3.7051073119820455,1.0892123373708738,풍선,0.15,32.7,2.21,감시 지속,none
3,6.0,T18,bird,조류,-0.8411209527524074,-3.7568361700245636,새/기타,0.1,25.5,3.85,감시 지속,none
3,6.0,T19,bird,조류,0.9589092314695119,-3.889952356305763,새/기타,0.1,25.5,4.01,감시 지속,none
4,8.0,T00,bird,조류,-4.559391141000322,-0.4267454995263699,새/기타,0.1,6.5,3.89,감시 지속,none
4,8.0,T01,drone,고정익,2.9336740551501483,2.812914215459798,드론,0.95,63.7,1.86,RF 재밍,soft
4,8.0,T02,bird,조류,-4.271593097567168,-0.8074201615444498,새/기타,0.1,6.5,4.01,감시 지속,none
4,8.0,T03,balloon,오물풍선,-0.5078247678597991,-3.7092114583207882,풍선,0.15,21.4,3.74,감시 지속,none
4,8.0,T04,balloon,고고도 미사일 풍선,-4.265102631939163,0.42927247204924046,풍선,0.15,27.0,3.07,감시 지속,none
4,8.0,T05,drone,자폭형(FPV),-3.706047213093068,0.6792783332808345,드론,0.95,75.1,2.5,물리 요격(최후수단),hard
4,8.0,T06,bird,조류,-3.9996487288151013,-2.3078171975576907,새/기타,0.1,6.5,4.62,감시 지속,none
4,8.0,T07,balloon,오물풍선,3.124430747576965,-2.671850160198508,풍선,0.15,27.0,3.72,감시 지속,none
4,8.0,T08,bird,조류,-4.339368128913808,0.8934859865612941,새/기타,0.1,41.0,2.84,감시 지속,none
4,8.0,T09,balloon,고고도 미사일 풍선,-1.566118790617967,4.5296695617520575,풍선,0.15,42.4,2.08,감시 지속,none
4,8.0,T10,bird,조류,3.5057675380269653,-1.9465026089196016,새/기타,0.1,25.5,3.11,감시 지속,none
4,8.0,T11,drone,고정익,3.6723208242914076,1.5316101480419242,드론,0.95,88.6,1.29,물리 요격(최후수단),hard
4,8.0,T12,drone,고정익,3.94185219502121,2.016333006041189,드론,0.95,83.8,1.76,물리 요격(최후수단),hard
4,8.0,T13,drone,회전익(헬기형),3.378287585748094,-2.845947046094995,드론,0.95,35.0,3.94,감시 지속,none
4,8.0,T14,bird,조류,3.0058869421883756,-2.8121758523218157,새/기타,0.1,6.5,3.85,감시 지속,none
4,8.0,T15,bird,조류,-0.036995815666704096,4.432973507394186,새/기타,0.1,23.5,2.75,감시 지속,none
4,8.0,T16,bird,조류,-1.2295066209187855,-3.880557530852496,새/기타,0.1,6.5,4.07,감시 지속,none
4,8.0,T17,balloon,고고도 미사일 풍선,-3.7483476881765405,1.0970601444483112,풍선,0.15,32.3,2.24,감시 지속,none
4,8.0,T18,bird,조류,-0.7962812299953744,-3.7724694473811042,새/기타,0.1,6.5,3.86,감시 지속,none
4,8.0,T19,bird,조류,1.0549738346622888,-3.8689310364417593,새/기타,0.1,6.5,4.01,감시 지속,none
5,10.0,T01,drone,고정익,2.92086607303358,2.7149817520726023,드론,0.95,83.8,1.77,물리 요격(최후수단),hard
5,10.0,T02,bird,조류,-4.2211203589001105,-0.7970416422292717,새/기타,0.1,25.5,3.98,감시 지속,none
5,10.0,T03,balloon,오물풍선,-0.5958959165941091,-3.7610532353502926,풍선,0.15,8.0,3.81,감시 지속,none
5,10.0,T04,balloon,고고도 미사일 풍선,-4.239769021852505,0.33450404777527076,풍선,0.15,8.0,3.12,감시 지속,none
5,10.0,T05,drone,자폭형(FPV),-3.6618671172322768,0.6112396626574617,드론,0.95,55.8,2.52,RF 재밍,soft
5,10.0,T06,bird,조류,-4.061272305543255,-2.279300698879696,새/기타,0.1,6.5,4.66,감시 지속,none
5,10.0,T07,balloon,오물풍선,3.208415628516247,-2.700412973494205,풍선,0.15,8.0,3.77,감시 지속,none
5,10.0,T08,bird,조류,-4.357171221145615,0.9788513469777103,새/기타,0.1,41.6,2.81,감시 지속,none
5,10.0,T09,balloon,고고도 미사일 풍선,-1.5423985476511604,4.504528639197932,풍선,0.15,53.5,2.06,포획·유도 회수,soft
5,10.0,T10,bird,조류,3.5157518637069787,-1.805315051803492,새/기타,0.1,37.4,2.98,감시 지속,none
5,10.0,T11,drone,고정익,3.6748555033576484,1.5302170785510374,드론,0.95,69.6,1.29,RF 재밍,soft
5,10.0,T12,drone,고정익,3.9462925918149145,1.958004439879776,드론,0.95,84.1,1.73,물리 요격(최후수단),hard
5,10.0,T13,drone,회전익(헬기형),3.3187702806046153,-2.7772732380925405,드론,0.95,54.0,3.86,RF 재밍,soft
5,10.0,T14,bird,조류,3.048911566634293,-2.8182871090463597,새/기타,0.1,6.5,3.86,감시 지속,none
5,10.0,T15,bird,조류,-0.11839497238024356,4.435298559965368,새/기타,0.1,43.5,2.7,감시 지속,none
5,10.0,T16,bird,조류,-1.3523626765208057,-3.8930931010667,새/기타,0.1,6.5,4.12,감시 지속,none
5,10.0,T17,balloon,고고도 미사일 풍선,-3.661408203441547,1.1473949629108502,풍선,0.15,52.5,2.14,포획·유도 회수,soft
5,10.0,T18,bird,조류,-0.7712611860376101,-3.7511646939492445,새/기타,0.1,25.5,3.83,감시 지속,none
5,10.0,T19,bird,조류,1.0386356576137563,-3.765434758946843,새/기타,0.1,25.5,3.91,감시 지속,none
6,12.0,T01,drone,고정익,2.7889132929540046,2.717287650551934,드론,0.95,84.1,1.74,물리 요격(최후수단),hard
6,12.0,T02,bird,조류,-4.214489143286881,-0.7247992718649076,새/기타,0.1,25.5,3.91,감시 지속,none
6,12.0,T03,balloon,오물풍선,-0.6096188422781542,-3.756576806566103,풍선,0.15,12.2,3.81,감시 지속,none
6,12.0,T04,balloon,고고도 미사일 풍선,-4.289794608887081,0.41355371027064447,풍선,0.15,27.0,3.1,감시 지속,none
6,12.0,T05,drone,자폭형(FPV),-3.5542838705581103,0.5576592121666677,드론,0.95,75.2,2.49,물리 요격(최후수단),hard
6,12.0,T06,bird,조류,-3.9101851371520175,-2.3271698659349607,새/기타,0.1,25.5,4.55,감시 지속,none
6,12.0,T07,balloon,오물풍선,3.1431919838212092,-2.6494413576817983,풍선,0.15,27.0,3.71,감시 지속,none
6,12.0,T08,bird,조류,-4.384282341447314,0.9643614784071497,새/기타,0.1,22.1,2.84,감시 지속,none
6,12.0,T09,balloon,고고도 미사일 풍선,-1.5758190732177102,4.5660759920848575,풍선,0.15,33.9,2.11,감시 지속,none
6,12.0,T10,bird,조류,3.420414799401763,-1.8491295426894194,새/기타,0.1,17.9,2.99,감시 지속,none
6,12.0,T11,drone,고정익,3.63441404888598,1.4846064640512173,드론,0.95,89.2,1.23,물리 요격(최후수단),hard
6,12.0,T12,drone,고정익,3.8629804833720245,1.8578722391195845,드론,0.95,85.4,1.61,물리 요격(최후수단),hard
6,12.0,T13,drone,회전익(헬기형),3.3042936904325724,-2.7917411366752876,드론,0.95,35.0,3.88,감시 지속,none
6,12.0,T14,bird,조류,2.9929835413432033,-2.833473000854253,새/기타,0.1,6.5,3.87,감시 지속,none
6,12.0,T16,bird,조류,-1.2807910865767171,-3.932010202494626,새/기타,0.1,6.5,4.14,감시 지속,none
6,12.0,T17,balloon,고고도 미사일 풍선,-3.7516395114843917,1.2148753100018406,풍선,0.15,33.2,2.17,감시 지속,none
6,12.0,T18,bird,조류,-0.7167485759384249,-3.680200724121557,새/기타,0.1,25.5,3.75,감시 지속,none
6,12.0,T19,bird,조류,1.0286574651321876,-3.846843536858538,새/기타,0.1,6.5,3.98,감시 지속,none
7,14.0,T00,bird,조류,-4.533882470004057,-0.5668534998341757,새/기타,0.1,6.5,3.98,감시 지속,none
7,14.0,T01,drone,고정익,2.7753927775408513,2.6473390837002793,드론,0.95,84.8,1.67,물리 요격(최후수단),hard
7,14.0,T02,bird,조류,-4.209782684962724,-0.7908187847225698,새/기타,0.1,6.5,3.96,감시 지속,none
7,14.0,T04,balloon,고고도 미사일 풍선,-4.3215290302590885,0.44676523617719976,풍선,0.15,8.0,3.1,감시 지속,none
7,14.0,T05,drone,자폭형(FPV),-3.4442263437467813,0.5942597753471355,드론,0.95,76.5,2.39,물리 요격(최후수단),hard
7,14.0,T06,bird,조류,-3.885195259454477,-2.371771355984376,새/기타,0.1,6.5,4.55,감시 지속,none
7,14.0,T07,balloon,오물풍선,3.0789292489043047,-2.689277220776943,풍선,0.15,8.0,3.73,감시 지속,none
7,14.0,T08,bird,조류,-4.356920213694211,0.9466625271269454,새/기타,0.1,41.3,2.82,감시 지속,none
7,14.0,T09,balloon,고고도 미사일 풍선,-1.6191255643377884,4.5501673039103965,풍선,0.15,53.2,2.09,포획·유도 회수,soft
7,14.0,T10,bird,조류,3.4011043335800952,-1.9207562715683495,새/기타,0.1,6.5,3.06,감시 지속,none
7,14.0,T11,drone,고정익,3.5759595018129917,1.4369994966521349,드론,0.95,89.8,1.16,물리 요격(최후수단),hard
7,14.0,T12,drone,고정익,3.8558398765749744,1.8487168342405198,드론,0.95,85.5,1.6,물리 요격(최후수단),hard
7,14.0,T13,drone,회전익(헬기형),3.3093340268590894,-2.7135808460060136,드론,0.95,54.0,3.8,RF 재밍,soft
7,14.0,T14,bird,조류,3.09862467835686,-2.8721416430330393,새/기타,0.1,6.5,3.92,감시 지속,none
7,14.0,T15,bird,조류,-0.125842860068185,4.381836785476511,새/기타,0.1,44.2,2.66,감시 지속,none
7,14.0,T16,bird,조류,-1.290358029602846,-3.94688809996721,새/기타,0.1,6.5,4.15,감시 지속,none
7,14.0,T17,balloon,고고도 미사일 풍선,-3.6339186951195908,1.1823919852925775,풍선,0.15,53.0,2.1,포획·유도 회수,soft
7,14.0,T18,bird,조류,-0.7414868754536286,-3.742066376789608,새/기타,0.1,6.5,3.81,감시 지속,none
7,14.0,T19,bird,조류,1.0842622088348526,-3.8042817898351515,새/기타,0.1,25.5,3.96,감시 지속,none
8,16.0,T00,bird,조류,-4.573314292920142,-0.5478987543826708,새/기타,0.1,6.5,3.99,감시 지속,none
8,16.0,T01,drone,고정익,2.8163162273102857,2.6110300543203504,드론,0.95,85.1,1.64,물리 요격(최후수단),hard
8,16.0,T02,bird,조류,-4.160147143287771,-0.7240944428507342,새/기타,0.1,25.5,3.88,감시 지속,none
8,16.0,T03,balloon,오물풍선,-0.5973833946195801,-3.729516679569845,풍선,0.15,27.0,3.78,감시 지속,none
8,16.0,T04,balloon,고고도 미사일 풍선,-4.317092224111706,0.3924486127624721,풍선,0.15,8.0,3.13,감시 지속,none
8,16.0,T05,drone,자폭형(FPV),-3.434808294082069,0.45577152828349987,드론,0.95,56.0,2.5,RF 재밍,soft
8,16.0,T06,bird,조류,-3.873229686161945,-2.37502581118967,새/기타,0.1,22.6,4.54,감시 지속,none
8,16.0,T07,balloon,오물풍선,3.0681696903063047,-2.6179555765325926,풍선,0.15,27.0,3.66,감시 지속,none
8,16.0,T08,bird,조류,-4.398892471183351,0.9512793868424179,새/기타,0.1,21.7,2.86,감시 지속,none
8,16.0,T09,balloon,고고도 미사일 풍선,-1.5660071478872264,4.519556327237833,풍선,0.15,53.4,2.07,포획·유도 회수,soft
8,16.0,T10,bird,조류,3.3732849434047094,-1.8970294821409712,새/기타,0.1,25.5,3.03,감시 지속,none
8,16.0,T11,drone,고정익,3.5277522829748884,1.4504242774498166,드론,0.95,90.2,1.12,물리 요격(최후수단),hard
8,16.0,T12,drone,고정익,3.8363524237666824,1.7992953735369774,드론,0.95,86.0,1.56,물리 요격(최후수단),hard
8,16.0,T13,drone,회전익(헬기형),3.2819960808329354,-2.72744865955802,드론,0.95,35.0,3.81,감시 지속,none
8,16.0,T15,bird,조류,-0.11981026519656732,4.284581516434892,새/기타,0.1,45.1,2.59,포획·유도 회수,soft
8,16.0,T16,bird,조류,-1.3688514449420621,-3.9574175730444767,새/기타,0.1,6.5,4.19,감시 지속,none
8,16.0,T17,balloon,고고도 미사일 풍선,-3.6618682179573674,1.144673211271042,풍선,0.15,33.5,2.14,감시 지속,none
8,16.0,T18,bird,조류,-0.6744099060950606,-3.736528793160228,새/기타,0.1,25.5,3.8,감시 지속,none
8,16.0,T19,bird,조류,1.0406912538584059,-3.8370784317056796,새/기타,0.1,6.5,3.98,감시 지속,none
9,18.0,T00,bird,조류,-4.588567680729925,-0.5972399623258606,새/기타,0.1,6.5,4.04,감시 지속,none
9,18.0,T02,bird,조류,-4.177217069644,-0.6617500831900931,새/기타,0.1,25.5,3.84,감시 지속,none
9,18.0,T03,balloon,오물풍선,-0.5481691900076877,-3.7398502437731493,풍선,0.15,8.0,3.78,감시 지속,none
9,18.0,T04,balloon,고고도 미사일 풍선,-4.420662220379838,0.434421375398199,풍선,0.15,8.0,3.18,감시 지속,none
9,18.0,T05,drone,자폭형(FPV),-3.329403598887709,0.5378306772756448,드론,0.95,76.7,2.37,물리 요격(최후수단),hard
9,18.0,T06,bird,조류,-3.8547225576462956,-2.3941388985647873,새/기타,0.1,17.3,4.54,감시 지속,none
9,18.0,T07,balloon,오물풍선,3.091856559262699,-2.623072220619367,풍선,0.15,8.0,3.67,감시 지속,none
9,18.0,T08,bird,조류,-4.436355114396888,0.9360394313426775,새/기타,0.1,20.8,2.9,감시 지속,none
9,18.0,T09,balloon,고고도 미사일 풍선,-1.6523644907959458,4.585716537108908,풍선,0.15,33.9,2.11,감시 지속,none
9,18.0,T10,bird,조류,3.364945425140035,-1.9165604457988485,새/기타,0.1,6.5,3.04,감시 지속,none
9,18.0,T11,drone,고정익,3.5292800834938,1.4021721508514515,드론,0.95,90.4,1.11,물리 요격(최후수단),hard
9,18.0,T12,drone,고정익,3.750000785760705,1.7767866030467003,드론,0.95,86.8,1.47,물리 요격(최후수단),hard
9,18.0,T13,drone,회전익(헬기형),3.327813403794028,-2.7205903002832086,드론,0.95,35.0,3.81,감시 지속,none
9,18.0,T14,bird,조류,3.080558519865104,-2.9598282641124993,새/기타,0.1,6.5,4.0,감시 지속,none
9,18.0,T15,bird,조류,-0.13032947106753257,4.277529369114006,새/기타,0.1,45.3,2.58,포획·유도 회수,soft
9,18.0,T16,bird,조류,-1.2967363919892931,-4.022518523980337,새/기타,0.1,6.5,4.23,감시 지속,none
9,18.0,T17,balloon,고고도 미사일 풍선,-3.5500980608279504,1.2254300691001048,풍선,0.15,54.1,2.01,포획·유도 회수,soft
9,18.0,T19,bird,조류,1.0837905721823564,-3.82041680398762,새/기타,0.1,15.1,3.97,감시 지속,none
10,20.0,T01,drone,고정익,2.638708062251323,2.594895905321638,드론,0.95,66.5,1.6,RF 재밍,soft
10,20.0,T02,bird,조류,-4.154342672365608,-0.6844109693810199,새/기타,0.1,6.5,3.84,감시 지속,none
10,20.0,T03,balloon,오물풍선,-0.616912944524722,-3.7236316424424047,풍선,0.15,18.3,3.77,감시 지속,none
10,20.0,T04,balloon,고고도 미사일 풍선,-4.296784270268026,0.44169235280526487,풍선,0.15,27.0,3.08,감시 지속,none
10,20.0,T05,drone,자폭형(FPV),-3.2481856299748655,0.5209323232871492,드론,0.95,77.1,2.34,물리 요격(최후수단),hard
10,20.0,T06,bird,조류,-3.823568802711784,-2.393754064399785,새/기타,0.1,25.5,4.51,감시 지속,none
10,20.0,T07,balloon,오물풍선,2.9919641170956637,-2.551002944389313,풍선,0.15,27.0,3.58,감시 지속,none
10,20.0,T08,bird,조류,-4.444307759675728,0.8979530274647146,새/기타,0.1,20.2,2.92,감시 지속,none
10,20.0,T09,balloon,고고도 미사일 풍선,-1.6616033884348291,4.532321303082758,풍선,0.15,53.5,2.06,포획·유도 회수,soft
10,20.0,T10,bird,조류,3.2645048801583245,-1.950357855508516,새/기타,0.1,6.5,3.05,감시 지속,none
10,20.0,T11,drone,고정익,3.4785012427813156,1.3435246978962465,드론,0.95,91.0,1.04,물리 요격(최후수단),hard
10,20.0,T12,drone,고정익,3.7747909254058865,1.720846813840695,드론,0.95,81.6,1.46,물리 요격(최후수단),hard
10,20.0,T13,drone,회전익(헬기형),3.368198021710204,-2.702339899744417,드론,0.95,51.7,3.8,RF 재밍,soft
10,20.0,T15,bird,조류,-0.20804000210480975,4.305265962561878,새/기타,0.1,45.8,2.54,포획·유도 회수,soft
10,20.0,T16,bird,조류,-1.3806283799067536,-4.026608591456321,새/기타,0.1,6.5,4.26,감시 지속,none
10,20.0,T17,balloon,고고도 미사일 풍선,-3.654236645065388,1.1786877648541598,풍선,0.15,33.8,2.12,감시 지속,none
10,20.0,T18,bird,조류,-0.6153714666543286,-3.6997755385185638,새/기타,0.1,25.5,3.75,감시 지속,none
10,20.0,T19,bird,조류,1.0687980019417405,-3.7565435035388486,새/기타,0.1,25.5,3.91,감시 지속,none
11,22.0,T00,bird,조류,-4.582064023808915,-0.5391576627598136,새/기타,0.1,25.5,3.99,감시 지속,none
11,22.0,T01,drone,고정익,2.622295200585903,2.5258451001582194,드론,0.95,86.2,1.53,물리 요격(최후수단),hard
11,22.0,T02,bird,조류,-4.200179689477074,-0.6861243752971516,새/기타,0.1,6.5,3.87,감시 지속,none
11,22.0,T03,balloon,오물풍선,-0.6605272671558319,-3.6377430449423716,풍선,0.15,27.0,3.7,감시 지속,none
11,22.0,T05,drone,자폭형(FPV),-3.1586471293523317,0.495784617015667,드론,0.95,77.4,2.32,물리 요격(최후수단),hard
11,22.0,T06,bird,조류,-3.7794160354097905,-2.474779111242704,새/기타,0.1,6.5,4.52,감시 지속,none
11,22.0,T07,balloon,오물풍선,3.012132794468615,-2.610901497289276,풍선,0.15,8.0,3.65,감시 지속,none
11,22.0,T08,bird,조류,-4.443703837154823,0.8912564111107925,새/기타,0.1,20.1,2.93,감시 지속,none
11,22.0,T09,balloon,고고도 미사일 풍선,-1.6427258011911914,4.547074058047344,풍선,0.15,34.3,2.08,감시 지속,none
11,22.0,T10,bird,조류,3.2681838976168756,-1.9794124088088192,새/기타,0.1,6.5,3.08,감시 지속,none
11,22.0,T11,drone,고정익,3.4211592828053363,1.3643704888236956,드론,0.95,91.4,0.99,물리 요격(최후수단),hard
11,22.0,T12,drone,고정익,3.7285943363950125,1.8466314384160682,드론,0.95,67.6,1.49,RF 재밍,soft
11,22.0,T13,drone,회전익(헬기형),3.312044373360477,-2.67349511039181,드론,0.95,54.0,3.76,RF 재밍,soft
11,22.0,T14,bird,조류,3.0776512188992973,-2.962252768075729,새/기타,0.1,25.5,4.0,감시 지속,none
11,22.0,T15,bird,조류,-0.214411841492501,4.227945368773976,새/기타,0.1,46.7,2.48,포획·유도 회수,soft
11,22.0,T16,bird,조류,-1.3637870025751413,-4.030787123761074,새/기타,0.1,9.3,4.26,감시 지속,none
11,22.0,T17,balloon,고고도 미사일 풍선,-3.603078140372312,1.1896389755949088,풍선,0.15,53.4,2.07,포획·유도 회수,soft
11,22.0,T18,bird,조류,-0.5644259321471549,-3.634122071206229,새/기타,0.1,25.5,3.68,감시 지속,none
11,22.0,T19,bird,조류,1.1775161807918175,-3.6994900631318544,새/기타,0.1,25.5,3.88,감시 지속,none
12,24.0,T00,bird,조류,-4.651294905891028,-0.6753788749606364,새/기타,0.1,6.5,4.14,감시 지속,none
12,24.0,T01,drone,고정익,2.561921924022082,2.432193463239074,드론,0.95,87.2,1.43,물리 요격(최후수단),hard
12,24.0,T02,bird,조류,-4.190066816980088,-0.6887385053666907,새/기타,0.1,13.3,3.87,감시 지속,none
12,24.0,T03,balloon,오물풍선,-0.6304832219488012,-3.6565720882247246,풍선,0.15,8.0,3.71,감시 지속,none
12,24.0,T04,balloon,고고도 미사일 풍선,-4.420897987514899,0.41729637179190426,풍선,0.15,8.0,3.19,감시 지속,none
12,24.0,T05,drone,자폭형(FPV),-3.1212364399372983,0.5087249279740321,드론,0.95,77.8,2.29,물리 요격(최후수단),hard
12,24.0,T06,bird,조류,-3.83853552377907,-2.4208647379475496,새/기타,0.1,6.5,4.54,감시 지속,none
12,24.0,T07,balloon,오물풍선,3.0004377158914486,-2.585755620197914,풍선,0.15,27.0,3.62,감시 지속,none
12,24.0,T08,bird,조류,-4.4777408475930525,0.8906234241599331,새/기타,0.1,19.3,2.95,감시 지속,none
12,24.0,T09,balloon,고고도 미사일 풍선,-1.680033791234697,4.5667581424101975,풍선,0.15,34.1,2.09,감시 지속,none
12,24.0,T10,bird,조류,3.248497544036133,-2.0026870562415624,새/기타,0.1,6.5,3.09,감시 지속,none
12,24.0,T11,drone,고정익,3.3746670775257885,1.3589237679643178,드론,0.95,91.9,0.95,물리 요격(최후수단),hard
12,24.0,T12,drone,고정익,3.6835837112238745,1.7572715901453329,드론,0.95,87.5,1.41,물리 요격(최후수단),hard
12,24.0,T15,bird,조류,-0.18001542030466613,4.40070803434144,새/기타,0.1,25.5,2.63,감시 지속,none
12,24.0,T16,bird,조류,-1.3314001309906813,-4.06350541762644,새/기타,0.1,6.5,4.28,감시 지속,none
12,24.0,T17,balloon,고고도 미사일 풍선,-3.6010818725614158,1.169778205771263,풍선,0.15,34.2,2.08,감시 지속,none
12,24.0,T18,bird,조류,-0.548904003476795,-3.71305739249363,새/기타,0.1,6.5,3.75,감시 지속,none
12,24.0,T19,bird,조류,1.165200134598306,-3.7506844154186956,새/기타,0.1,6.5,3.93,감시 지속,none
13,26.0,T02,bird,조류,-4.146776522683457,-0.6195576431633277,새/기타,0.1,25.5,3.79,감시 지속,none
13,26.0,T04,balloon,고고도 미사일 풍선,-4.433937832438117,0.5013668495469605,풍선,0.15,27.0,3.15,감시 지속,none
13,26.0,T05,drone,자폭형(FPV),-3.0082832259142944,0.5302131377567895,드론,0.95,78.7,2.21,물리 요격(최후수단),hard
13,26.0,T06,bird,조류,-3.826193090065742,-2.5176850158703474,새/기타,0.1,6.5,4.58,감시 지속,none
13,26.0,T07,balloon,오물풍선,3.021806289914762,-2.567955739443042,풍선,0.15,27.0,3.61,감시 지속,none
13,26.0,T08,bird,조류,-4.487333016231431,0.8530180335924935,새/기타,0.1,18.4,2.98,감시 지속,none
13,26.0,T09,balloon,고고도 미사일 풍선,-1.6939789049379195,4.62121606112841,풍선,0.15,33.5,2.14,감시 지속,none
13,26.0,T10,bird,조류,3.248190477800742,-1.9389576136197237,새/기타,0.1,25.5,3.03,감시 지속,none
13,26.0,T11,drone,고정익,3.338050330980568,1.3787445929848197,드론,0.95,92.1,0.92,물리 요격(최후수단),hard
13,26.0,T12,drone,고정익,3.6315690333444843,1.8314208538133645,드론,0.95,70.3,1.4,물리 요격(최후수단),hard
13,26.0,T13,drone,회전익(헬기형),3.3439326673676213,-2.6372582438092014,드론,0.95,35.0,3.73,감시 지속,none
13,26.0,T14,bird,조류,3.1517440177736793,-3.0352184570274887,새/기타,0.1,6.5,4.09,감시 지속,none
13,26.0,T15,bird,조류,-0.20929841699461277,4.277968070415924,새/기타,0.1,46.1,2.52,포획·유도 회수,soft
13,26.0,T16,bird,조류,-1.3680525604792517,-4.061513376084494,새/기타,0.1,6.5,4.29,감시 지속,none
13,26.0,T17,balloon,고고도 미사일 풍선,-3.5521500403405994,1.2252742416823108,풍선,0.15,54.1,2.01,포획·유도 회수,soft
13,26.0,T18,bird,조류,-0.4880807988501649,-3.7284248591421756,새/기타,0.1,6.5,3.76,감시 지속,none
13,26.0,T19,bird,조류,1.2081014884562662,-3.635412822935326,새/기타,0.1,25.5,3.83,감시 지속,none
14,28.0,T00,bird,조류,-4.617137958297217,-0.6027852249183064,새/기타,0.1,25.5,4.06,감시 지속,none
14,28.0,T01,drone,고정익,2.5367028342371163,2.423265426021708,드론,0.95,84.9,1.42,물리 요격(최후수단),hard
14,28.0,T02,bird,조류,-4.167676070245486,-0.628774274082737,새/기타,0.1,6.5,3.81,감시 지속,none
14,28.0,T03,balloon,오물풍선,-0.7219071779531118,-3.5687770403025976,풍선,0.15,27.0,3.64,감시 지속,none
14,28.0,T04,balloon,고고도 미사일 풍선,-4.487080798997262,0.47358836961733297,풍선,0.15,8.0,3.21,감시 지속,none
14,28.0,T05,drone,자폭형(FPV),-2.8746052624266896,0.4368290738814489,드론,0.95,59.4,2.24,RF 재밍,soft
14,28.0,T06,bird,조류,-3.7573537351179422,-2.478362513402613,새/기타,0.1,25.5,4.5,감시 지속,none
14,28.0,T07,balloon,오물풍선,2.9390420517157247,-2.602615015571762,풍선,0.15,8.0,3.63,감시 지속,none
14,28.0,T09,balloon,고고도 미사일 풍선,-1.7578531051998387,4.6260983076802376,풍선,0.15,39.9,2.14,감시 지속,none
14,28.0,T10,bird,조류,3.177726690400494,-2.0144123793952113,새/기타,0.1,6.5,3.09,감시 지속,none
14,28.0,T11,drone,고정익,3.2827244668192517,1.3290324321464244,드론,0.95,92.7,0.85,물리 요격(최후수단),hard
14,28.0,T12,drone,고정익,3.676819937108129,1.7948579875662447,드론,0.95,68.3,1.42,RF 재밍,soft
14,28.0,T13,drone,회전익(헬기형),3.2876777221423774,-2.541994392083434,드론,0.95,54.0,3.63,RF 재밍,soft
14,28.0,T14,bird,조류,3.1035695311445153,-3.070535394719614,새/기타,0.1,6.5,4.12,감시 지속,none
14,28.0,T15,bird,조류,-0.3089445357285112,4.209802119729585,새/기타,0.1,47.8,2.4,포획·유도 회수,soft
14,28.0,T16,bird,조류,-1.3819322223049615,-4.069570666143591,새/기타,0.1,6.5,4.3,감시 지속,none
14,28.0,T17,balloon,고고도 미사일 풍선,-3.554047415062501,1.212485897906054,풍선,0.15,35.0,2.02,감시 지속,none
14,28.0,T18,bird,조류,-0.4916008917315466,-3.68312755528621,새/기타,0.1,25.5,3.72,감시 지속,none
14,28.0,T19,bird,조류,1.206087489950782,-3.6481200650160255,새/기타,0.1,6.5,3.84,감시 지속,none
15,30.0,T00,bird,조류,-4.6296243018607885,-0.6911866345758828,새/기타,0.1,6.5,4.14,감시 지속,none
15,30.0,T01,drone,고정익,2.558151967899012,2.3761653873080397,드론,0.95,87.8,1.38,물리 요격(최후수단),hard
15,30.0,T02,bird,조류,-4.196826294866407,-0.6170641227285533,새/기타,0.1,6.5,3.81,감시 지속,none
15,30.0,T03,balloon,오물풍선,-0.6017027945156278,-3.7061243520103764,풍선,0.15,8.0,3.75,감시 지속,none
15,30.0,T04,balloon,고고도 미사일 풍선,-4.531813274537486,0.5159294755476993,풍선,0.15,8.0,3.22,감시 지속,none
15,30.0,T05,drone,자폭형(FPV),-2.788771899948912,0.5508686062261186,드론,0.95,80.0,2.1,물리 요격(최후수단),hard
15,30.0,T06,bird,조류,-3.742908457053797,-2.5945235880306377,새/기타,0.1,6.5,4.55,감시 지속,none
15,30.0,T07,balloon,오물풍선,2.9930369983087965,-2.6134452899327103,풍선,0.15,8.0,3.65,감시 지속,none
15,30.0,T08,bird,조류,-4.520951047018014,0.8721131985539525,새/기타,0.1,6.5,3.0,감시 지속,none
15,30.0,T09,balloon,고고도 미사일 풍선,-1.8485701283640605,4.634285224514038,풍선,0.15,33.9,2.14,감시 지속,none
15,30.0,T10,bird,조류,3.14377704441787,-2.0571891338175323,새/기타,0.1,6.5,3.12,감시 지속,none
15,30.0,T11,drone,고정익,3.220516996945348,1.3294653575720732,드론,0.95,93.2,0.79,물리 요격(최후수단),hard
15,30.0,T12,drone,고정익,3.7063601906832555,1.7842051348056605,드론,0.95,68.2,1.44,RF 재밍,soft
15,30.0,T13,drone,회전익(헬기형),3.3833994392903475,-2.5609178718638477,드론,0.95,35.0,3.67,감시 지속,none
15,30.0,T14,bird,조류,3.1858698078916117,-3.1422947558997447,새/기타,0.1,6.5,4.2,감시 지속,none
15,30.0,T15,bird,조류,-0.2796289614385122,4.2985870230291745,새/기타,0.1,27.6,2.49,감시 지속,none
15,30.0,T16,bird,조류,-1.3564490561640035,-4.066168750546115,새/기타,0.1,25.5,4.29,감시 지속,none
15,30.0,T17,balloon,고고도 미사일 풍선,-3.5231794408980877,1.1618778875467484,풍선,0.15,34.9,2.03,감시 지속,none
15,30.0,T18,bird,조류,-0.4673800509941598,-3.676868301005619,새/기타,0.1,24.2,3.71,감시 지속,none
15,30.0,T19,bird,조류,1.2224131088519723,-3.659078269295779,새/기타,0.1,6.5,3.86,감시 지속,none
16,32.0,T00,bird,조류,-4.716035081260359,-0.7617214985507319,새/기타,0.1,6.5,4.24,감시 지속,none
16,32.0,T01,drone,고정익,2.513157725073532,2.4031944807813534,드론,0.95,68.5,1.4,RF 재밍,soft
16,32.0,T02,bird,조류,-4.175400370385891,-0.6272976047064905,새/기타,0.1,13.9,3.81,감시 지속,none
16,32.0,T03,balloon,오물풍선,-0.666715350555641,-3.6843729980261957,풍선,0.15,27.0,3.74,감시 지속,none
16,32.0,T04,balloon,고고도 미사일 풍선,-4.529956152902669,0.5275060453801272,풍선,0.15,24.3,3.21,감시 지속,none
16,32.0,T05,drone,자폭형(FPV),-2.7358062618371473,0.4107553847216292,드론,0.95,59.7,2.22,RF 재밍,soft
16,32.0,T06,bird,조류,-3.7236079246845093,-2.4974237068096117,새/기타,0.1,25.5,4.48,감시 지속,none
16,32.0,T07,balloon,오물풍선,2.93174673385319,-2.521487288134684,풍선,0.15,27.0,3.55,감시 지속,none
16,32.0,T08,bird,조류,-4.561080488545509,0.8145237039428029,새/기타,0.1,6.5,3.07,감시 지속,none
16,32.0,T09,balloon,고고도 미사일 풍선,-1.770837160155373,4.637301877863749,풍선,0.15,33.4,2.15,감시 지속,none
16,32.0,T10,bird,조류,3.1255014456289354,-2.0062703029287157,새/기타,0.1,25.5,3.07,감시 지속,none
16,32.0,T11,drone,고정익,3.228181985040582,1.3163292161907565,드론,0.95,74.2,0.79,물리 요격(최후수단),hard
16,32.0,T12,drone,고정익,3.57797944961653,1.7313490297675858,드론,0.95,88.5,1.3,물리 요격(최후수단),hard
16,32.0,T13,drone,회전익(헬기형),3.3313537766597556,-2.602519972800344,드론,0.95,35.0,3.7,감시 지속,none
16,32.0,T14,bird,조류,3.1255940969559597,-3.125442074039756,새/기타,0.1,25.5,4.17,감시 지속,none
16,32.0,T15,bird,조류,-0.3079950650174374,4.308018971674684,새/기타,0.1,46.8,2.48,포획·유도 회수,soft
16,32.0,T16,bird,조류,-1.4022059722883393,-4.1101260508311315,새/기타,0.1,6.5,4.34,감시 지속,none
16,32.0,T17,balloon,고고도 미사일 풍선,-3.462699879313666,1.1696317113810648,풍선,0.15,54.4,1.98,포획·유도 회수,soft
16,32.0,T18,bird,조류,-0.445386185455155,-3.737382584072093,새/기타,0.1,6.5,3.76,감시 지속,none
16,32.0,T19,bird,조류,1.2364897383770703,-3.626755906567679,새/기타,0.1,25.5,3.83,감시 지속,none
17,34.0,T00,bird,조류,-4.731839214373173,-0.8080469116922424,새/기타,0.1,6.5,4.29,감시 지속,none
17,34.0,T01,drone,고정익,2.4341845149678143,2.297030960657555,드론,0.95,88.5,1.3,물리 요격(최후수단),hard
17,34.0,T02,bird,조류,-4.196311119680878,-0.6104862322885858,새/기타,0.1,9.8,3.81,감시 지속,none
17,34.0,T03,balloon,오물풍선,-0.6755617632813478,-3.6993184773440797,풍선,0.15,8.0,3.76,감시 지속,none
17,34.0,T04,balloon,고고도 미사일 풍선,-4.519598599491891,0.5288910900642674,풍선,0.15,25.1,3.2,감시 지속,none
17,34.0,T05,drone,자폭형(FPV),-2.6563533652869826,0.4620046110966206,드론,0.95,79.6,2.14,물리 요격(최후수단),hard
17,34.0,T06,bird,조류,-3.708616301354692,-2.579677477057254,새/기타,0.1,6.5,4.52,감시 지속,none
17,34.0,T07,balloon,오물풍선,2.9818481388701734,-2.518147960549718,풍선,0.15,8.0,3.55,감시 지속,none
17,34.0,T08,bird,조류,-4.558360577274751,0.8760933447833426,새/기타,0.1,25.5,3.03,감시 지속,none
17,34.0,T10,bird,조류,3.1313250678645974,-2.028655770586901,새/기타,0.1,6.5,3.09,감시 지속,none
17,34.0,T11,drone,고정익,3.16596653948079,1.327157379884428,드론,0.95,93.7,0.74,물리 요격(최후수단),hard
17,34.0,T13,drone,회전익(헬기형),3.3359562091548836,-2.555895546764749,드론,0.95,54.0,3.65,RF 재밍,soft
17,34.0,T14,bird,조류,3.1991821706909636,-3.0825681325540337,새/기타,0.1,25.5,4.14,감시 지속,none
17,34.0,T15,bird,조류,-0.29472379860677056,4.178438004981502,새/기타,0.1,47.9,2.39,포획·유도 회수,soft
17,34.0,T16,bird,조류,-1.4740677778611644,-4.125578937143521,새/기타,0.1,6.5,4.38,감시 지속,none
17,34.0,T17,balloon,고고도 미사일 풍선,-3.388591748703422,1.1804900854427924,풍선,0.15,55.1,1.92,포획·유도 회수,soft
17,34.0,T18,bird,조류,-0.4413009993544385,-3.6131970101984723,새/기타,0.1,25.5,3.64,감시 지속,none
17,34.0,T19,bird,조류,1.2860093883305528,-3.6383018479638807,새/기타,0.1,6.5,3.86,감시 지속,none
18,36.0,T00,bird,조류,-4.795645833878986,-0.7275801308544232,새/기타,0.1,25.5,4.27,감시 지속,none
18,36.0,T02,bird,조류,-4.0740990777954345,-0.6282162384766256,새/기타,0.1,25.5,3.75,감시 지속,none
18,36.0,T03,balloon,오물풍선,-0.6714905276376505,-3.609568756770117,풍선,0.15,27.0,3.67,감시 지속,none
18,36.0,T04,balloon,고고도 미사일 풍선,-4.696131098355709,0.6401014721615027,풍선,0.15,8.0,3.28,감시 지속,none
18,36.0,T05,drone,자폭형(FPV),-2.5192295931297553,0.5065568224395076,드론,0.95,80.5,2.06,물리 요격(최후수단),hard
18,36.0,T06,bird,조류,-3.664674109989328,-2.5754059894267325,새/기타,0.1,25.5,4.48,감시 지속,none
18,36.0,T07,balloon,오물풍선,3.01653966894292,-2.534057939792928,풍선,0.15,8.0,3.57,감시 지속,none
18,36.0,T08,bird,조류,-4.603438630740675,0.8028359854828256,새/기타,0.1,6.5,3.11,감시 지속,none
18,36.0,T09,balloon,고고도 미사일 풍선,-1.862930685063319,4.634229606637772,풍선,0.15,52.6,2.14,포획·유도 회수,soft
18,36.0,T10,bird,조류,3.07063317889374,-2.096416684441527,새/기타,0.1,6.5,3.15,감시 지속,none
18,36.0,T11,drone,고정익,3.124225145175682,1.3212901295168522,드론,0.95,94.0,0.7,물리 요격(최후수단),hard
18,36.0,T12,drone,고정익,3.5262141082905867,1.5309131217763876,드론,0.95,89.9,1.16,물리 요격(최후수단),hard
18,36.0,T13,drone,회전익(헬기형),3.296332565222312,-2.53721926416525,드론,0.95,54.0,3.63,RF 재밍,soft
18,36.0,T14,bird,조류,3.2242400091508276,-3.1333129884857986,새/기타,0.1,6.5,4.2,감시 지속,none
18,36.0,T15,bird,조류,-0.2758041041472436,4.256133932349872,새/기타,0.1,28.0,2.46,감시 지속,none
18,36.0,T16,bird,조류,-1.416418669689036,-4.190919606785365,새/기타,0.1,6.5,4.42,감시 지속,none
18,36.0,T18,bird,조류,-0.37750301215264576,-3.6656896791172575,새/기타,0.1,6.5,3.69,감시 지속,none
19,38.0,T00,bird,조류,-4.771599568787843,-0.8631712253453181,새/기타,0.1,6.5,4.36,감시 지속,none
19,38.0,T01,drone,고정익,2.462805182977314,2.3298571721640986,드론,0.95,72.3,1.33,물리 요격(최후수단),hard
19,38.0,T02,bird,조류,-4.043502854157229,-0.5904167215539486,새/기타,0.1,25.5,3.7,감시 지속,none
19,38.0,T03,balloon,오물풍선,-0.7250901487967853,-3.656077226757517,풍선,0.15,8.0,3.73,감시 지속,none
19,38.0,T04,balloon,고고도 미사일 풍선,-4.638944748667202,0.6144409967603047,풍선,0.15,27.0,3.24,감시 지속,none
19,38.0,T05,drone,자폭형(FPV),-2.4658137748942592,0.3835626281579403,드론,0.95,60.3,2.17,RF 재밍,soft
19,38.0,T06,bird,조류,-3.6446942394710615,-2.593275083381485,새/기타,0.1,17.9,4.47,감시 지속,none
19,38.0,T07,balloon,오물풍선,2.9714052783053004,-2.5453180683981826,풍선,0.15,8.0,3.58,감시 지속,none
19,38.0,T08,bird,조류,-4.653210046019391,0.7050336092556312,새/기타,0.1,6.5,3.2,감시 지속,none
19,38.0,T09,balloon,고고도 미사일 풍선,-1.8130510826834545,4.6720524141772035,풍선,0.15,33.1,2.18,감시 지속,none
19,38.0,T10,bird,조류,3.0553360047705795,-1.991335115795547,새/기타,0.1,25.5,3.04,감시 지속,none
19,38.0,T11,drone,고정익,3.0457599100797026,1.1638009053722345,드론,0.95,95.2,0.57,물리 요격(최후수단),hard
19,38.0,T12,drone,고정익,3.4879088690087974,1.6767423437420457,드론,0.95,70.5,1.2,물리 요격(최후수단),hard
19,38.0,T13,drone,회전익(헬기형),3.321890611162254,-2.4973651064756455,드론,0.95,54.0,3.59,RF 재밍,soft
19,38.0,T14,bird,조류,3.277624483518766,-3.1985719772353103,새/기타,0.1,6.5,4.27,감시 지속,none
19,38.0,T15,bird,조류,-0.3181659878392055,4.1807755606395,새/기타,0.1,48.1,2.38,포획·유도 회수,soft
19,38.0,T16,bird,조류,-1.4777320018672593,-4.2018870154214945,새/기타,0.1,6.5,4.45,감시 지속,none
19,38.0,T17,balloon,고고도 미사일 풍선,-3.324379569523971,1.1804707341951806,풍선,0.15,55.6,1.87,포획·유도 회수,soft
19,38.0,T18,bird,조류,-0.3422344240483099,-3.6471124949807296,새/기타,0.1,25.5,3.66,감시 지속,none
19,38.0,T19,bird,조류,1.3340299657064745,-3.6141824993440808,새/기타,0.1,6.5,3.85,감시 지속,none
20,40.0,T00,bird,조류,-4.794113935655058,-0.8057254797092229,새/기타,0.1,25.5,4.33,감시 지속,none
20,40.0,T01,drone,고정익,2.403208900475627,2.2194973649468355,드론,0.95,89.3,1.22,물리 요격(최후수단),hard
20,40.0,T02,bird,조류,-4.091700821731956,-0.5236522087976754,새/기타,0.1,25.5,3.68,감시 지속,none
20,40.0,T04,balloon,고고도 미사일 풍선,-4.604970000268144,0.602946257858082,풍선,0.15,27.0,3.22,감시 지속,none
20,40.0,T05,drone,자폭형(FPV),-2.4978421155083192,0.36746226753602973,드론,0.95,60.0,2.19,RF 재밍,soft
20,40.0,T07,balloon,오물풍선,2.941684720888585,-2.5119319353155016,풍선,0.15,27.0,3.54,감시 지속,none
20,40.0,T08,bird,조류,-4.504033396534642,0.8341955397417847,새/기타,0.1,25.5,3.01,감시 지속,none
20,40.0,T09,balloon,고고도 미사일 풍선,-1.8991953655254514,4.711299858189313,풍선,0.15,32.7,2.21,감시 지속,none
20,40.0,T10,bird,조류,2.968109396063265,-2.110679686568348,새/기타,0.1,6.5,3.15,감시 지속,none
20,40.0,T11,drone,고정익,2.9985580064864448,1.1533616814790042,드론,0.95,95.6,0.52,물리 요격(최후수단),hard
20,40.0,T12,drone,고정익,3.4365232667693557,1.6463444378125547,드론,0.95,90.1,1.14,물리 요격(최후수단),hard
20,40.0,T13,drone,회전익(헬기형),3.2541164346656477,-2.5402683278455265,드론,0.95,35.0,3.62,감시 지속,none
20,40.0,T14,bird,조류,3.2430875943717012,-3.1730874214989604,새/기타,0.1,25.5,4.24,감시 지속,none
20,40.0,T15,bird,조류,-0.2756288309911938,4.140596044958636,새/기타,0.1,29.1,2.38,감시 지속,none
20,40.0,T16,bird,조류,-1.4292865369992664,-4.264377936579845,새/기타,0.1,6.5,4.5,감시 지속,none
20,40.0,T17,balloon,고고도 미사일 풍선,-3.3434753406807594,1.2343808164663614,풍선,0.15,55.9,1.85,포획·유도 회수,soft
20,40.0,T18,bird,조류,-0.32151353077601447,-3.6732488578818336,새/기타,0.1,6.5,3.69,감시 지속,none
20,40.0,T19,bird,조류,1.337868517547697,-3.4710873677498824,새/기타,0.1,25.5,3.72,감시 지속,none
21,42.0,T00,bird,조류,-4.775638318974721,-0.8100878881819098,새/기타,0.1,22.7,4.32,감시 지속,none
21,42.0,T01,drone,고정익,2.3493720706389594,2.1881312162873607,드론,0.95,89.5,1.2,물리 요격(최후수단),hard
21,42.0,T02,bird,조류,-4.032023838242833,-0.5691872822158536,새/기타,0.1,6.5,3.68,감시 지속,none
21,42.0,T03,balloon,오물풍선,-0.720674006645201,-3.7223259314248534,풍선,0.15,8.0,3.79,감시 지속,none
21,42.0,T04,balloon,고고도 미사일 풍선,-4.6879619011447495,0.5962858081268124,풍선,0.15,8.0,3.29,감시 지속,none
21,42.0,T05,drone,자폭형(FPV),-2.2984807022000866,0.3547326460631045,드론,0.95,79.3,2.17,물리 요격(최후수단),hard
21,42.0,T06,bird,조류,-3.5936667182597577,-2.622243578228677,새/기타,0.1,25.5,4.45,감시 지속,none
21,42.0,T07,balloon,오물풍선,2.8877819652050216,-2.4757376496101435,풍선,0.15,27.0,3.5,감시 지속,none
21,42.0,T09,balloon,고고도 미사일 풍선,-1.9238327930481571,4.676138505621948,풍선,0.15,52.1,2.18,포획·유도 회수,soft
21,42.0,T10,bird,조류,3.0111703418790867,-2.1074926007836585,새/기타,0.1,6.5,3.15,감시 지속,none
21,42.0,T11,drone,고정익,2.9679169831790433,1.213074243704692,드론,0.95,90.9,0.51,물리 요격(최후수단),hard
21,42.0,T12,drone,고정익,3.4078842318455154,1.5536478133238618,드론,0.95,90.8,1.06,물리 요격(최후수단),hard
21,42.0,T13,drone,회전익(헬기형),3.2601543516446263,-2.5550207399920937,드론,0.95,35.0,3.64,감시 지속,none
21,42.0,T14,bird,조류,3.182092427961118,-3.2204536618398563,새/기타,0.1,6.5,4.28,감시 지속,none
21,42.0,T15,bird,조류,-0.3786825466202017,4.1517601988383666,새/기타,0.1,48.9,2.31,포획·유도 회수,soft
21,42.0,T16,bird,조류,-1.4289828976066583,-4.258542721362421,새/기타,0.1,17.2,4.49,감시 지속,none
21,42.0,T17,balloon,고고도 미사일 풍선,-3.3542012943995094,1.2269515663274817,풍선,0.15,36.8,1.86,감시 지속,none
21,42.0,T18,bird,조류,-0.20240510225610028,-3.656352072089036,새/기타,0.1,25.5,3.66,감시 지속,none
21,42.0,T19,bird,조류,1.2906980438358626,-3.4413183467712583,새/기타,0.1,25.5,3.68,감시 지속,none
22,44.0,T00,bird,조류,-4.785290977457782,-0.963717243760285,새/기타,0.1,6.5,4.44,감시 지속,none
22,44.0,T01,drone,고정익,2.2737688162489142,2.23085701579382,드론,0.95,70.0,1.25,물리 요격(최후수단),hard
22,44.0,T02,bird,조류,-4.084674358075604,-0.6339560219800419,새/기타,0.1,6.5,3.76,감시 지속,none
22,44.0,T03,balloon,오물풍선,-0.6977067198626048,-3.568405844691532,풍선,0.15,27.0,3.64,감시 지속,none
22,44.0,T04,balloon,고고도 미사일 풍선,-4.677479885447766,0.5504435043050256,풍선,0.15,8.0,3.31,감시 지속,none
22,44.0,T05,drone,자폭형(FPV),-2.286392276227221,0.4596206361016953,드론,0.95,80.5,2.06,물리 요격(최후수단),hard
22,44.0,T06,bird,조류,-3.5151451422585565,-2.6184666881406775,새/기타,0.1,25.5,4.38,감시 지속,none
22,44.0,T07,balloon,오물풍선,2.8903394605867643,-2.480015348529942,풍선,0.15,8.0,3.5,감시 지속,none
22,44.0,T08,bird,조류,-4.647567344014363,0.7768413405729193,새/기타,0.1,6.5,3.16,감시 지속,none
22,44.0,T09,balloon,고고도 미사일 풍선,-1.9177084626009322,4.710352419015205,풍선,0.15,32.7,2.21,감시 지속,none
22,44.0,T10,bird,조류,2.9675143247946325,-2.030558077276387,새/기타,0.1,25.5,3.07,감시 지속,none
22,44.0,T11,drone,고정익,2.9485730117762374,1.1935854078585113,드론,0.95,95.9,0.49,물리 요격(최후수단),hard
22,44.0,T12,drone,고정익,3.3459867104014007,1.568423089087933,드론,0.95,91.2,1.02,물리 요격(최후수단),hard
22,44.0,T13,drone,회전익(헬기형),3.2416979552376497,-2.46815090396477,드론,0.95,54.0,3.55,RF 재밍,soft
22,44.0,T14,bird,조류,3.1780155503230505,-3.275704518136378,새/기타,0.1,6.5,4.33,감시 지속,none
22,44.0,T15,bird,조류,-0.41309511715595393,4.120516390676815,새/기타,0.1,49.5,2.27,포획·유도 회수,soft
22,44.0,T16,bird,조류,-1.458432280841684,-4.261532091115972,새/기타,0.1,6.5,4.5,감시 지속,none
22,44.0,T17,balloon,고고도 미사일 풍선,-3.3179924146553295,1.247197647085145,풍선,0.15,56.2,1.82,포획·유도 회수,soft
22,44.0,T18,bird,조류,-0.24337717998845063,-3.7230140888091166,새/기타,0.1,6.5,3.73,감시 지속,none
22,44.0,T19,bird,조류,1.3620912230719866,-3.444242563609186,새/기타,0.1,6.5,3.7,감시 지속,none
23,46.0,T00,bird,조류,-4.790292566368127,-0.880802044248992,새/기타,0.1,25.5,4.38,감시 지속,none
23,46.0,T01,drone,고정익,2.2683789796685367,2.13966100409433,드론,0.95,89.8,1.16,물리 요격(최후수단),hard
23,46.0,T02,bird,조류,-4.0591464527868375,-0.5673539593390315,새/기타,0.1,25.5,3.69,감시 지속,none
23,46.0,T03,balloon,오물풍선,-0.6928314836431657,-3.5876579855126898,풍선,0.15,8.0,3.65,감시 지속,none
23,46.0,T04,balloon,고고도 미사일 풍선,-4.696550070584576,0.5641961608705605,풍선,0.15,8.0,3.32,감시 지속,none
23,46.0,T05,drone,자폭형(FPV),-2.1769250889614113,0.32922600267099683,드론,0.95,60.1,2.18,RF 재밍,soft
23,46.0,T06,bird,조류,-3.6483889226541444,-2.704336410870763,새/기타,0.1,6.5,4.54,감시 지속,none
23,46.0,T07,balloon,오물풍선,2.933586330078954,-2.504330671661981,풍선,0.15,8.0,3.53,감시 지속,none
23,46.0,T09,balloon,고고도 미사일 풍선,-1.939606883562867,4.63545108491906,풍선,0.15,52.6,2.14,포획·유도 회수,soft
23,46.0,T10,bird,조류,3.0099863862073164,-2.0294181285629276,새/기타,0.1,6.5,3.07,감시 지속,none
23,46.0,T11,drone,고정익,2.9281883984590573,1.1001782138453555,드론,0.95,96.3,0.44,물리 요격(최후수단),hard
23,46.0,T12,drone,고정익,3.4072368420530634,1.5848834311304136,드론,0.95,71.6,1.08,물리 요격(최후수단),hard
23,46.0,T13,drone,회전익(헬기형),3.234225657816664,-2.4438739074864384,드론,0.95,54.0,3.52,RF 재밍,soft
23,46.0,T14,bird,조류,3.2913012405006854,-3.243002778548332,새/기타,0.1,25.5,4.32,감시 지속,none
23,46.0,T15,bird,조류,-0.3633389848651101,4.070872022498063,새/기타,0.1,30.5,2.27,감시 지속,none
23,46.0,T16,bird,조류,-1.4746391869903928,-4.269550608678067,새/기타,0.1,6.5,4.52,감시 지속,none
23,46.0,T17,balloon,고고도 미사일 풍선,-3.2440624041556103,1.1067521047317628,풍선,0.15,36.7,1.87,감시 지속,none
23,46.0,T18,bird,조류,-0.1979181550216727,-3.6029266432898286,새/기타,0.1,25.5,3.61,감시 지속,none
23,46.0,T19,bird,조류,1.364170180125995,-3.4881889633929286,새/기타,0.1,6.5,3.75,감시 지속,none
24,48.0,T00,bird,조류,-4.833042260953915,-0.9547348157659133,새/기타,0.1,6.5,4.47,감시 지속,none
24,48.0,T01,drone,고정익,2.135455869859463,2.1152466557817107,드론,0.95,70.7,1.17,물리 요격(최후수단),hard
24,48.0,T02,bird,조류,-4.008594553956882,-0.5564805673140841,새/기타,0.1,25.5,3.66,감시 지속,none
24,48.0,T03,balloon,오물풍선,-0.6630850918903615,-3.561767861558156,풍선,0.15,27.0,3.62,감시 지속,none
24,48.0,T04,balloon,고고도 미사일 풍선,-4.68142667385806,0.5655781906371136,풍선,0.15,27.0,3.31,감시 지속,none
24,48.0,T05,drone,자폭형(FPV),-2.0248315052307113,0.32615258377931444,드론,0.95,80.6,2.05,물리 요격(최후수단),hard
24,48.0,T06,bird,조류,-3.5907455340835397,-2.7035096512183627,새/기타,0.1,25.5,4.49,감시 지속,none
24,48.0,T07,balloon,오물풍선,2.954428003625011,-2.507477270658201,풍선,0.15,8.0,3.54,감시 지속,none
24,48.0,T08,bird,조류,-4.6665812670294144,0.7790692016342533,새/기타,0.1,6.5,3.17,감시 지속,none
24,48.0,T09,balloon,고고도 미사일 풍선,-1.9574219746458352,4.769904820508176,풍선,0.15,32.0,2.27,감시 지속,none
24,48.0,T10,bird,조류,2.925111541534164,-2.096803308702762,새/기타,0.1,6.5,3.13,감시 지속,none
24,48.0,T11,drone,고정익,2.8917264815639787,1.158488161673563,드론,0.95,96.5,0.42,물리 요격(최후수단),hard
24,48.0,T12,drone,고정익,3.3119914004133415,1.5539960797998802,드론,0.95,91.5,0.98,물리 요격(최후수단),hard
24,48.0,T13,drone,회전익(헬기형),3.272351846873586,-2.48729899544465,드론,0.95,35.0,3.57,감시 지속,none
24,48.0,T14,bird,조류,3.2543841624145387,-3.3548967333693875,새/기타,0.1,6.5,4.42,감시 지속,none
24,48.0,T15,bird,조류,-0.42444054406494985,4.152214677755785,새/기타,0.1,30.3,2.28,감시 지속,none
24,48.0,T16,bird,조류,-1.4010634730261418,-4.272919214755793,새/기타,0.1,25.5,4.5,감시 지속,none
24,48.0,T17,balloon,고고도 미사일 풍선,-3.2118545724890333,1.2368006744624047,풍선,0.15,56.9,1.75,포획·유도 회수,soft
24,48.0,T18,bird,조류,-0.12732060511714138,-3.635634810687698,새/기타,0.1,6.5,3.64,감시 지속,none
24,48.0,T19,bird,조류,1.4352229753545718,-3.524935046863113,새/기타,0.1,6.5,3.81,감시 지속,none
25,50.0,T00,bird,조류,-4.865559395432475,-0.9548137650255575,새/기타,0.1,6.5,4.49,감시 지속,none
25,50.0,T01,drone,고정익,2.210319933418536,2.083305550148105,드론,0.95,90.2,1.12,물리 요격(최후수단),hard
25,50.0,T02,bird,조류,-3.999615364221202,-0.516701656260594,새/기타,0.1,25.5,3.62,감시 지속,none
25,50.0,T03,balloon,오물풍선,-0.6973725207610674,-3.5379328799088854,풍선,0.15,27.0,3.61,감시 지속,none
25,50.0,T05,drone,자폭형(FPV),-2.0272065906047763,0.2592139861723199,드론,0.95,75.4,2.04,물리 요격(최후수단),hard
25,50.0,T06,bird,조류,-3.5679010694264166,-2.777337008204363,새/기타,0.1,6.5,4.52,감시 지속,none
25,50.0,T07,balloon,오물풍선,2.889073443556874,-2.458302769056666,풍선,0.15,27.0,3.48,감시 지속,none
25,50.0,T08,bird,조류,-4.662760845480824,0.7407235264302576,새/기타,0.1,6.5,3.19,감시 지속,none
25,50.0,T09,balloon,고고도 미사일 풍선,-1.9776390563566613,4.722730202157311,풍선,0.15,51.6,2.22,포획·유도 회수,soft
25,50.0,T10,bird,조류,2.845759368187129,-2.1226148179150535,새/기타,0.1,6.5,3.14,감시 지속,none
25,50.0,T11,drone,고정익,2.7756078605387686,1.1320856223725182,드론,0.95,97.5,0.31,물리 요격(최후수단),hard
25,50.0,T12,drone,고정익,3.298649074229956,1.5178255969954044,드론,0.95,91.8,0.95,물리 요격(최후수단),hard
25,50.0,T13,drone,회전익(헬기형),3.320684911239253,-2.392085970967276,드론,0.95,54.0,3.49,RF 재밍,soft
25,50.0,T14,bird,조류,3.302541736173451,-3.3279489757364327,새/기타,0.1,25.5,4.4,감시 지속,none
25,50.0,T15,bird,조류,-0.5152023960305767,4.046023167181308,새/기타,0.1,51.0,2.14,포획·유도 회수,soft
25,50.0,T16,bird,조류,-1.4712360889545075,-4.3670869082046435,새/기타,0.1,6.5,4.61,감시 지속,none
25,50.0,T17,balloon,고고도 미사일 풍선,-3.2417176254406996,1.2097488766761166,풍선,0.15,37.5,1.79,감시 지속,none
25,50.0,T18,bird,조류,-0.25628141312310826,-3.631774286276782,새/기타,0.1,6.5,3.64,감시 지속,none
25,50.0,T19,bird,조류,1.4375685399922022,-3.456521985811761,새/기타,0.1,25.5,3.74,감시 지속,none
26,52.0,T00,bird,조류,-4.8616392147480925,-0.9664047657459502,새/기타,0.1,6.5,4.49,감시 지속,none
26,52.0,T01,drone,고정익,2.1608992168275316,2.0251653761026747,드론,0.95,90.6,1.08,물리 요격(최후수단),hard
26,52.0,T02,bird,조류,-3.9937624510744247,-0.5081201582731909,새/기타,0.1,25.5,3.61,감시 지속,none
26,52.0,T03,balloon,오물풍선,-0.6719507813258445,-3.504062241409429,풍선,0.15,27.0,3.57,감시 지속,none
26,52.0,T04,balloon,고고도 미사일 풍선,-4.774970924084356,0.6638854669266694,풍선,0.15,8.0,3.33,감시 지속,none
26,52.0,T05,drone,자폭형(FPV),-1.911503403646877,0.2476351559940479,드론,0.95,82.0,1.93,물리 요격(최후수단),hard
26,52.0,T06,bird,조류,-3.5365310130933088,-2.7445106866798126,새/기타,0.1,25.5,4.48,감시 지속,none
26,52.0,T07,balloon,오물풍선,2.8681753100815217,-2.37057159706354,풍선,0.15,27.0,3.39,감시 지속,none
26,52.0,T08,bird,조류,-4.730104992311872,0.7499650946114679,새/기타,0.1,6.5,3.24,감시 지속,none
26,52.0,T09,balloon,고고도 미사일 풍선,-1.999550831304545,4.723983898068839,풍선,0.15,32.5,2.22,감시 지속,none
26,52.0,T10,bird,조류,2.8766750229197657,-2.0783470290587354,새/기타,0.1,25.5,3.1,감시 지속,none
26,52.0,T11,drone,고정익,2.787362120073427,1.1030729223204012,드론,0.95,79.1,0.31,물리 요격(최후수단),hard
26,52.0,T12,drone,고정익,3.2195014474935526,1.579265060642074,드론,0.95,92.1,0.92,물리 요격(최후수단),hard
26,52.0,T13,drone,회전익(헬기형),3.271812731084281,-2.3950758460855437,드론,0.95,50.7,3.48,RF 재밍,soft
26,52.0,T14,bird,조류,3.263470582509983,-3.320469783139537,새/기타,0.1,25.5,4.39,감시 지속,none
26,52.0,T16,bird,조류,-1.4502999497150566,-4.322213625399835,새/기타,0.1,25.5,4.56,감시 지속,none
26,52.0,T17,balloon,고고도 미사일 풍선,-3.2177403110921756,1.2018015745481185,풍선,0.15,56.6,1.78,포획·유도 회수,soft
26,52.0,T18,bird,조류,-0.10100684795962547,-3.6931127562022255,새/기타,0.1,6.5,3.69,감시 지속,none
26,52.0,T19,bird,조류,1.4221560171955374,-3.376660809323816,새/기타,0.1,25.5,3.66,감시 지속,none
27,54.0,T00,bird,조류,-4.902785203393279,-0.9193022905938304,새/기타,0.1,24.9,4.49,감시 지속,none
27,54.0,T01,drone,고정익,2.179519371989114,2.0268509721127748,드론,0.95,79.4,1.08,물리 요격(최후수단),hard
27,54.0,T02,bird,조류,-3.9517570555990504,-0.42515555357591145,새/기타,0.1,25.5,3.52,감시 지속,none
27,54.0,T03,balloon,오물풍선,-0.7678813816644778,-3.518816426496762,풍선,0.15,8.0,3.6,감시 지속,none
27,54.0,T04,balloon,고고도 미사일 풍선,-4.780686328264635,0.6976555999187745,풍선,0.15,27.0,3.31,감시 지속,none
27,54.0,T05,drone,자폭형(FPV),-1.8524792299047972,0.2711525026746152,드론,0.95,82.6,1.87,물리 요격(최후수단),hard
27,54.0,T06,bird,조류,-3.5070563203114973,-2.731028695641896,새/기타,0.1,25.5,4.44,감시 지속,none
27,54.0,T07,balloon,오물풍선,2.890330719652484,-2.4281617731785476,풍선,0.15,8.0,3.45,감시 지속,none
27,54.0,T08,bird,조류,-4.701273312692374,0.7245695678889024,새/기타,0.1,25.5,3.23,감시 지속,none
27,54.0,T09,balloon,고고도 미사일 풍선,-2.0431548258840144,4.76213532289019,풍선,0.15,32.1,2.26,감시 지속,none
27,54.0,T10,bird,조류,2.842702472026314,-2.0312438775865185,새/기타,0.1,25.5,3.05,감시 지속,none
27,54.0,T11,drone,고정익,2.794025925018052,1.0472741544529833,드론,0.95,92.8,0.3,물리 요격(최후수단),hard
27,54.0,T12,drone,고정익,3.2538667931215732,1.4686718284276175,드론,0.95,92.4,0.89,물리 요격(최후수단),hard
27,54.0,T13,drone,회전익(헬기형),3.2275132799118302,-2.365879254187807,드론,0.95,54.0,3.44,RF 재밍,soft
27,54.0,T14,bird,조류,3.2739881973314273,-3.304653369799416,새/기타,0.1,25.5,4.37,감시 지속,none
27,54.0,T15,bird,조류,-0.4779695059005942,4.034247280401368,새/기타,0.1,50.8,2.16,포획·유도 회수,soft
27,54.0,T16,bird,조류,-1.5164175947809855,-4.402584250376367,새/기타,0.1,6.5,4.66,감시 지속,none
27,54.0,T17,balloon,고고도 미사일 풍선,-3.1745921608139502,1.3015459912376999,풍선,0.15,57.7,1.68,포획·유도 회수,soft
27,54.0,T18,bird,조류,-0.11783643197173324,-3.6463462194529033,새/기타,0.1,25.5,3.65,감시 지속,none
27,54.0,T19,bird,조류,1.516572093471231,-3.403736961542968,새/기타,0.1,6.5,3.73,감시 지속,none
28,56.0,T00,bird,조류,-4.92164373207282,-1.0086230136595815,새/기타,0.1,6.5,4.57,감시 지속,none
28,56.0,T01,drone,고정익,2.0357055292927706,1.969268328315109,드론,0.95,73.5,1.07,물리 요격(최후수단),hard
28,56.0,T02,bird,조류,-4.036966371358429,-0.5744584753935618,새/기타,0.1,6.5,3.69,감시 지속,none
28,56.0,T03,balloon,오물풍선,-0.794683380625177,-3.5956653481441405,풍선,0.15,8.0,3.68,감시 지속,none
28,56.0,T04,balloon,고고도 미사일 풍선,-4.793362096177741,0.6552770997345025,풍선,0.15,8.0,3.35,감시 지속,none
28,56.0,T05,drone,자폭형(FPV),-1.761564070927692,0.3108238896825664,드론,0.95,83.5,1.79,물리 요격(최후수단),hard
28,56.0,T06,bird,조류,-3.502633707892746,-2.7006124539964564,새/기타,0.1,25.5,4.42,감시 지속,none
28,56.0,T07,balloon,오물풍선,2.8048394802462058,-2.3595357868955964,풍선,0.15,27.0,3.37,감시 지속,none
28,56.0,T08,bird,조류,-4.711941404230311,0.6831396579285607,새/기타,0.1,6.5,3.26,감시 지속,none
28,56.0,T09,balloon,고고도 미사일 풍선,-2.045556412325219,4.780010484966339,풍선,0.15,31.8,2.28,감시 지속,none
28,56.0,T10,bird,조류,2.8215606053289473,-2.086800185262203,새/기타,0.1,6.5,3.1,감시 지속,none
28,56.0,T11,drone,고정익,2.6970748794197514,1.1249435095904945,드론,0.95,98.1,0.23,물리 요격(최후수단),hard
28,56.0,T12,drone,고정익,3.1914535346670343,1.4630091803493834,드론,0.95,92.9,0.83,물리 요격(최후수단),hard
28,56.0,T13,drone,회전익(헬기형),3.19126054391548,-2.2813372902590308,드론,0.95,54.0,3.35,RF 재밍,soft
28,56.0,T14,bird,조류,3.2779140092778443,-3.4276017268114995,새/기타,0.1,6.5,4.5,감시 지속,none
28,56.0,T15,bird,조류,-0.38820397435999093,4.08377995148505,새/기타,0.1,30.6,2.26,감시 지속,none
28,56.0,T16,bird,조류,-1.5014321930777217,-4.34799255696866,새/기타,0.1,25.5,4.6,감시 지속,none
28,56.0,T17,balloon,고고도 미사일 풍선,-3.196408328245388,1.178525031903733,풍선,0.15,37.6,1.78,감시 지속,none
28,56.0,T18,bird,조류,-0.060278360037729406,-3.580969295649071,새/기타,0.1,25.5,3.58,감시 지속,none
28,56.0,T19,bird,조류,1.3974922735110349,-3.3927861165225397,새/기타,0.1,25.5,3.67,감시 지속,none
29,58.0,T00,bird,조류,-4.895924444352455,-1.0413762102425097,새/기타,0.1,6.5,4.57,감시 지속,none
29,58.0,T01,drone,고정익,2.058179742630882,1.8726485348238042,드론,0.95,91.6,0.98,물리 요격(최후수단),hard
29,58.0,T02,bird,조류,-3.925716155688998,-0.4453600236806193,새/기타,0.1,25.5,3.52,감시 지속,none
29,58.0,T03,balloon,오물풍선,-0.7901125306074167,-3.536666563679638,풍선,0.15,27.0,3.62,감시 지속,none
29,58.0,T04,balloon,고고도 미사일 풍선,-4.829322291727104,0.7118297925462629,풍선,0.15,8.9,3.35,감시 지속,none
29,58.0,T05,drone,자폭형(FPV),-1.701348119126865,0.2681343096569717,드론,0.95,84.3,1.72,물리 요격(최후수단),hard
29,58.0,T06,bird,조류,-3.499796738975638,-2.8298109868969337,새/기타,0.1,6.5,4.5,감시 지속,none
29,58.0,T07,balloon,오물풍선,2.826889124992708,-2.430909574540711,풍선,0.15,8.0,3.45,감시 지속,none
29,58.0,T08,bird,조류,-4.8245894977096935,0.7666831259162517,새/기타,0.1,6.5,3.31,감시 지속,none
29,58.0,T09,balloon,고고도 미사일 풍선,-2.1573279554693774,4.783633094324157,풍선,0.15,31.7,2.29,감시 지속,none
29,58.0,T10,bird,조류,2.7993534878750337,-2.156780754114868,새/기타,0.1,6.5,3.17,감시 지속,none
29,58.0,T11,drone,고정익,2.5839460819260784,1.0817196667587776,드론,0.95,99.0,0.12,물리 요격(최후수단),hard
29,58.0,T12,drone,고정익,3.1376886709810816,1.4111928339000164,드론,0.95,93.5,0.76,물리 요격(최후수단),hard
29,58.0,T13,drone,회전익(헬기형),3.236900576705925,-2.356149197718018,드론,0.95,35.0,3.44,감시 지속,none
29,58.0,T14,bird,조류,3.277452751102719,-3.4372733249865237,새/기타,0.1,6.5,4.5,감시 지속,none
29,58.0,T15,bird,조류,-0.47885118219304995,3.994105957978645,새/기타,0.1,51.2,2.13,포획·유도 회수,soft
29,58.0,T16,bird,조류,-1.5848541685479536,-4.410330903295001,새/기타,0.1,6.5,4.69,감시 지속,none
29,58.0,T17,balloon,고고도 미사일 풍선,-3.1236104602247963,1.21611672933768,풍선,0.15,57.4,1.71,포획·유도 회수,soft
29,58.0,T18,bird,조류,-0.02006418330577952,-3.5508262773469927,새/기타,0.1,25.5,3.55,감시 지속,none
29,58.0,T19,bird,조류,1.5115206774588428,-3.339381893889006,새/기타,0.1,13.7,3.67,감시 지속,none
30,60.0,T00,bird,조류,-4.948997662289934,-1.0676054820500638,새/기타,0.1,6.5,4.63,감시 지속,none
30,60.0,T01,drone,고정익,2.007833751492384,1.9002508765694779,드론,0.95,72.1,1.03,물리 요격(최후수단),hard
30,60.0,T02,bird,조류,-3.8881572754245863,-0.4752347455072691,새/기타,0.1,6.5,3.52,감시 지속,none
30,60.0,T03,balloon,오물풍선,-0.7278435524846834,-3.5358393057051822,풍선,0.15,27.0,3.61,감시 지속,none
30,60.0,T04,balloon,고고도 미사일 풍선,-4.787900080313117,0.7101455632850079,풍선,0.15,27.0,3.31,감시 지속,none
30,60.0,T05,drone,자폭형(FPV),-1.6168171186153015,0.2534864988974366,드론,0.95,85.2,1.64,물리 요격(최후수단),hard
30,60.0,T06,bird,조류,-3.4709478001719516,-2.8012183783313938,새/기타,0.1,25.5,4.46,감시 지속,none
30,60.0,T07,balloon,오물풍선,2.8082172200414,-2.37907858375841,풍선,0.15,27.0,3.39,감시 지속,none
30,60.0,T09,balloon,고고도 미사일 풍선,-2.1717194308163443,4.792394705141642,풍선,0.15,31.6,2.3,감시 지속,none
30,60.0,T10,bird,조류,2.8064148525881887,-2.1341205973983177,새/기타,0.1,25.5,3.15,감시 지속,none
30,60.0,T11,drone,고정익,2.6188805276508895,1.0974928834130977,드론,0.95,79.7,0.15,물리 요격(최후수단),hard
30,60.0,T12,drone,고정익,3.1464926999597007,1.382366781060688,드론,0.95,89.2,0.75,물리 요격(최후수단),hard
30,60.0,T13,drone,회전익(헬기형),3.17891324798355,-2.3447727288318116,드론,0.95,54.0,3.41,RF 재밍,soft
30,60.0,T14,bird,조류,3.307973985448693,-3.4017256399217035,새/기타,0.1,25.5,4.48,감시 지속,none
30,60.0,T15,bird,조류,-0.4665065945563283,4.070072039274981,새/기타,0.1,31.4,2.19,감시 지속,none
30,60.0,T16,bird,조류,-1.5335082082741631,-4.421538717267538,새/기타,0.1,18.9,4.68,감시 지속,none
30,60.0,T17,balloon,고고도 미사일 풍선,-3.0838448192441055,1.2414753511848091,풍선,0.15,57.9,1.66,포획·유도 회수,soft
30,60.0,T18,bird,조류,-0.03528300752052224,-3.6052123639860483,새/기타,0.1,6.5,3.61,감시 지속,none
31,62.0,T00,bird,조류,-4.9218314240692065,-1.0843098427635058,새/기타,0.1,14.7,4.62,감시 지속,none
31,62.0,T01,drone,고정익,1.9332320593360752,1.8617834183910036,드론,0.95,72.1,1.03,물리 요격(최후수단),hard
31,62.0,T02,bird,조류,-3.8710635701900764,-0.41352158308049575,새/기타,0.1,25.5,3.46,감시 지속,none
31,62.0,T03,balloon,오물풍선,-0.7693484419133553,-3.5101310726160215,풍선,0.15,27.0,3.59,감시 지속,none
31,62.0,T04,balloon,고고도 미사일 풍선,-4.875642679525974,0.6889987047932673,풍선,0.15,8.0,3.4,감시 지속,none
31,62.0,T05,drone,자폭형(FPV),-1.4717189316921409,0.2204763794057642,드론,0.95,86.7,1.49,물리 요격(최후수단),hard
31,62.0,T06,bird,조류,-3.4544234624384553,-2.8808256474107936,새/기타,0.1,6.5,4.5,감시 지속,none
31,62.0,T07,balloon,오물풍선,2.8424956681318743,-2.354135257715774,풍선,0.15,27.0,3.37,감시 지속,none
31,62.0,T09,balloon,고고도 미사일 풍선,-2.1769930086301854,4.729241617190429,풍선,0.15,51.4,2.24,포획·유도 회수,soft
31,62.0,T10,bird,조류,2.741786424667805,-2.142326794130917,새/기타,0.1,6.5,3.15,감시 지속,none
31,62.0,T11,drone,고정익,2.544234267415849,1.0438884045298487,드론,0.95,99.5,0.06,물리 요격(최후수단),hard
31,62.0,T12,drone,고정익,3.1071747154737177,1.3950129643659948,드론,0.95,93.8,0.72,물리 요격(최후수단),hard
31,62.0,T13,drone,회전익(헬기형),3.261423986067443,-2.402210919640027,드론,0.95,35.0,3.49,감시 지속,none
31,62.0,T14,bird,조류,3.3652727260161193,-3.383145260086003,새/기타,0.1,20.8,4.47,감시 지속,none
31,62.0,T15,bird,조류,-0.5365384377087916,3.957728056647758,새/기타,0.1,51.9,2.07,포획·유도 회수,soft
31,62.0,T16,bird,조류,-1.5466552346906919,-4.431226963742108,새/기타,0.1,6.5,4.69,감시 지속,none
31,62.0,T17,balloon,고고도 미사일 풍선,-3.055493909969907,1.2468159895512094,풍선,0.15,58.1,1.64,포획·유도 회수,soft
31,62.0,T18,bird,조류,0.10156566898294295,-3.641513130542605,새/기타,0.1,6.5,3.64,감시 지속,none
31,62.0,T19,bird,조류,1.548351825552894,-3.2330934752136673,새/기타,0.1,25.5,3.58,감시 지속,none
32,64.0,T00,bird,조류,-4.9690912056221475,-1.1057446774321302,새/기타,0.1,6.5,4.67,감시 지속,none
32,64.0,T01,drone,고정익,2.0141487195600867,1.825690972356718,드론,0.95,91.7,0.96,물리 요격(최후수단),hard
32,64.0,T02,bird,조류,-3.9477760085301057,-0.42604584863888284,새/기타,0.1,6.5,3.52,감시 지속,none
32,64.0,T03,balloon,오물풍선,-0.663566286017262,-3.5491643119597085,풍선,0.15,8.0,3.61,감시 지속,none
32,64.0,T04,balloon,고고도 미사일 풍선,-4.912420365607444,0.752333718932608,풍선,0.15,11.5,3.4,감시 지속,none
32,64.0,T05,drone,자폭형(FPV),-1.444856030121119,0.25059453768747925,드론,0.95,86.9,1.47,물리 요격(최후수단),hard
32,64.0,T06,bird,조류,-3.454069438112788,-2.819322432951633,새/기타,0.1,25.5,4.46,감시 지속,none
32,64.0,T07,balloon,오물풍선,2.8558837029924766,-2.3925179343473304,풍선,0.15,8.0,3.41,감시 지속,none
32,64.0,T08,bird,조류,-4.789380546910044,0.6388204916055893,새/기타,0.1,6.5,3.35,감시 지속,none
32,64.0,T09,balloon,고고도 미사일 풍선,-2.137855658317032,4.812362492258328,풍선,0.15,31.4,2.32,감시 지속,none
32,64.0,T10,bird,조류,2.6568359372672354,-2.0823849646076007,새/기타,0.1,25.5,3.09,감시 지속,none
32,64.0,T11,drone,고정익,2.5122603554731646,1.0957344149390562,드론,0.95,80.2,0.1,물리 요격(최후수단),hard
32,64.0,T12,drone,고정익,3.0623076941018907,1.3865317223688394,드론,0.95,94.2,0.68,물리 요격(최후수단),hard
32,64.0,T13,drone,회전익(헬기형),3.258361175757673,-2.193628248229422,드론,0.95,54.0,3.28,RF 재밍,soft
32,64.0,T14,bird,조류,3.3703184610379355,-3.4727157816207135,새/기타,0.1,6.5,4.56,감시 지속,none
32,64.0,T15,bird,조류,-0.6065123561747063,4.04914780546701,새/기타,0.1,32.7,2.08,감시 지속,none
32,64.0,T16,bird,조류,-1.5288394873142626,-4.498132605992178,새/기타,0.1,6.5,4.75,감시 지속,none
32,64.0,T17,balloon,고고도 미사일 풍선,-3.135639429226895,1.30245638822306,풍선,0.15,39.0,1.65,감시 지속,none
32,64.0,T18,bird,조류,-0.024611625732207112,-3.5448396158502926,새/기타,0.1,25.5,3.54,감시 지속,none
32,64.0,T19,bird,조류,1.4764859429599388,-3.216018526158427,새/기타,0.1,25.5,3.54,감시 지속,none
33,66.0,T00,bird,조류,-4.928840450373981,-1.1760796065338122,새/기타,0.1,6.5,4.7,감시 지속,none
33,66.0,T01,drone,고정익,1.9940540728596192,1.8229031560271565,드론,0.95,72.7,0.97,물리 요격(최후수단),hard
33,66.0,T02,bird,조류,-3.908806810718037,-0.48529478409141413,새/기타,0.1,6.5,3.54,감시 지속,none
33,66.0,T03,balloon,오물풍선,-0.7368559197819016,-3.4978079799807706,풍선,0.15,27.0,3.57,감시 지속,none
33,66.0,T04,balloon,고고도 미사일 풍선,-4.897572059475587,0.7227292122225039,풍선,0.15,8.0,3.4,감시 지속,none
33,66.0,T05,drone,자폭형(FPV),-1.2971978265984507,0.22640102332563689,드론,0.95,88.4,1.32,물리 요격(최후수단),hard
33,66.0,T06,bird,조류,-3.3558566014269107,-2.8321270889930026,새/기타,0.1,25.5,4.39,감시 지속,none
33,66.0,T07,balloon,오물풍선,2.823432144007634,-2.373506125731499,풍선,0.15,27.0,3.39,감시 지속,none
33,66.0,T08,bird,조류,-4.75881309534102,0.6037854672789373,새/기타,0.1,17.2,3.35,감시 지속,none
33,66.0,T09,balloon,고고도 미사일 풍선,-2.112834949813736,4.695621487131718,풍선,0.15,51.9,2.2,포획·유도 회수,soft
33,66.0,T10,bird,조류,2.654676886849301,-2.1084345881251,새/기타,0.1,6.5,3.11,감시 지속,none
33,66.0,T11,drone,고정익,2.439825566444891,1.0689667585632747,드론,0.95,89.7,0.09,물리 요격(최후수단),hard
33,66.0,T12,drone,고정익,2.9807006966523013,1.2557298942367687,드론,0.95,95.4,0.54,물리 요격(최후수단),hard
33,66.0,T13,drone,회전익(헬기형),3.2233067379297755,-2.2816241141800933,드론,0.95,35.0,3.36,감시 지속,none
33,66.0,T14,bird,조류,3.392844548824347,-3.4304623352741817,새/기타,0.1,25.5,4.52,감시 지속,none
33,66.0,T15,bird,조류,-0.5811791053531101,3.986154539265593,새/기타,0.1,52.1,2.05,포획·유도 회수,soft
33,66.0,T16,bird,조류,-1.4778568784523176,-4.534883647786814,새/기타,0.1,6.5,4.77,감시 지속,none
33,66.0,T17,balloon,고고도 미사일 풍선,-2.9735292024234328,1.266879516489463,풍선,0.15,58.8,1.57,포획·유도 회수,soft
33,66.0,T18,bird,조류,0.09967443919297299,-3.515251232258338,새/기타,0.1,25.5,3.52,감시 지속,none
34,68.0,T00,bird,조류,-4.9677928441105585,-1.1928459423802045,새/기타,0.1,6.5,4.74,감시 지속,none
34,68.0,T01,drone,고정익,1.9883307321875605,1.8093638128724923,드론,0.95,88.8,0.96,물리 요격(최후수단),hard
34,68.0,T02,bird,조류,-3.894873052687373,-0.4112790895345363,새/기타,0.1,25.5,3.47,감시 지속,none
34,68.0,T03,balloon,오물풍선,-0.8101380818308901,-3.497419891966618,풍선,0.15,8.0,3.59,감시 지속,none
34,68.0,T04,balloon,고고도 미사일 풍선,-4.929199894761421,0.7414492145507973,풍선,0.15,8.0,3.42,감시 지속,none
34,68.0,T05,drone,자폭형(FPV),-1.3002347274216486,0.1633514101746153,드론,0.95,81.5,1.31,물리 요격(최후수단),hard
34,68.0,T06,bird,조류,-3.4494712132988887,-2.858341569149716,새/기타,0.1,6.5,4.48,감시 지속,none
34,68.0,T07,balloon,오물풍선,2.8424885399764594,-2.3741869698991755,풍선,0.15,8.0,3.39,감시 지속,none
34,68.0,T08,bird,조류,-4.817638533564084,0.6702851192713508,새/기타,0.1,6.5,3.36,감시 지속,none
34,68.0,T09,balloon,고고도 미사일 풍선,-2.2146314427129665,4.800364555451709,풍선,0.15,31.5,2.31,감시 지속,none
34,68.0,T10,bird,조류,2.648311463850294,-2.208966048654007,새/기타,0.1,6.5,3.21,감시 지속,none
34,68.0,T11,drone,고정익,2.5383189265635977,0.9819091269620467,드론,0.95,99.7,0.04,물리 요격(최후수단),hard
34,68.0,T12,drone,고정익,2.980174487682131,1.3163828848108765,드론,0.95,76.2,0.58,물리 요격(최후수단),hard
34,68.0,T13,drone,회전익(헬기형),3.232185706313002,-2.2102406197449245,드론,0.95,54.0,3.29,RF 재밍,soft
34,68.0,T14,bird,조류,3.3958709937167946,-3.5280021239081094,새/기타,0.1,6.5,4.62,감시 지속,none
34,68.0,T15,bird,조류,-0.5604101105648785,4.022212367320115,새/기타,0.1,32.6,2.1,감시 지속,none
34,68.0,T16,bird,조류,-1.5040540316058262,-4.541535878842952,새/기타,0.1,6.5,4.78,감시 지속,none
34,68.0,T17,balloon,고고도 미사일 풍선,-2.9689287462406324,1.2667020016965094,풍선,0.15,45.0,1.57,포획·유도 회수,soft
34,68.0,T18,bird,조류,0.12476925066231444,-3.5654553138366913,새/기타,0.1,6.5,3.57,감시 지속,none
34,68.0,T19,bird,조류,1.5890382342873879,-3.195750391903332,새/기타,0.1,25.5,3.57,감시 지속,none
35,70.0,T00,bird,조류,-4.992753763205314,-1.2408881569812078,새/기타,0.1,6.5,4.79,감시 지속,none
35,70.0,T01,drone,고정익,1.8298898833544313,1.776179358800474,드론,0.95,72.1,1.03,물리 요격(최후수단),hard
35,70.0,T02,bird,조류,-3.9120847970756096,-0.3719164265255974,새/기타,0.1,25.5,3.45,감시 지속,none
35,70.0,T03,balloon,오물풍선,-0.7108617617716041,-3.4755587249210835,풍선,0.15,27.0,3.55,감시 지속,none
35,70.0,T04,balloon,고고도 미사일 풍선,-4.924452212335376,0.7984785800907874,풍선,0.15,27.0,3.38,감시 지속,none
35,70.0,T05,drone,자폭형(FPV),-1.1592690624947262,0.18762797847999424,드론,0.95,89.7,1.17,물리 요격(최후수단),hard
35,70.0,T06,bird,조류,-3.330294224614777,-2.86427147236971,새/기타,0.1,25.5,4.39,감시 지속,none
35,70.0,T07,balloon,오물풍선,2.763460889714393,-2.3348783136646425,풍선,0.15,27.0,3.35,감시 지속,none
35,70.0,T08,bird,조류,-4.821423510377604,0.5612022945132944,새/기타,0.1,6.5,3.42,감시 지속,none
35,70.0,T09,balloon,고고도 미사일 풍선,-2.1823587560540814,4.801714960441057,풍선,0.15,34.2,2.31,감시 지속,none
35,70.0,T10,bird,조류,2.6338862083307406,-2.1354020143348165,새/기타,0.1,25.5,3.14,감시 지속,none
35,70.0,T11,drone,고정익,2.36037334414003,1.0684675022112875,드론,0.95,79.7,0.16,물리 요격(최후수단),hard
35,70.0,T12,drone,고정익,2.9813508896304217,1.3567336774323913,드론,0.95,75.9,0.6,물리 요격(최후수단),hard
35,70.0,T13,drone,회전익(헬기형),3.2628957388868867,-2.2126380667472425,드론,0.95,35.0,3.3,감시 지속,none
35,70.0,T14,bird,조류,3.360086800039228,-3.4785200996479007,새/기타,0.1,25.5,4.56,감시 지속,none
35,70.0,T15,bird,조류,-0.6052004834068996,3.998362457019722,새/기타,0.1,52.2,2.05,포획·유도 회수,soft
35,70.0,T16,bird,조류,-1.5848770604356686,-4.456264787135383,새/기타,0.1,25.5,4.73,감시 지속,none
35,70.0,T18,bird,조류,0.1007726520374731,-3.5814521721737993,새/기타,0.1,6.5,3.58,감시 지속,none
35,70.0,T19,bird,조류,1.614982972360465,-3.1990227836642013,새/기타,0.1,6.5,3.58,감시 지속,none
36,72.0,T00,bird,조류,-5.070589467182758,-1.199344431659421,새/기타,0.1,6.5,4.81,감시 지속,none
36,72.0,T01,drone,고정익,1.822804460045227,1.7486490805723396,드론,0.95,91.3,1.01,물리 요격(최후수단),hard
36,72.0,T02,bird,조류,-3.853447187705802,-0.44392213575906125,새/기타,0.1,6.5,3.48,감시 지속,none
36,72.0,T04,balloon,고고도 미사일 풍선,-4.9653135626409775,0.7597408813074326,풍선,0.15,8.0,3.44,감시 지속,none
36,72.0,T06,bird,조류,-3.315070836285776,-2.981375652500275,새/기타,0.1,6.5,4.46,감시 지속,none
36,72.0,T07,balloon,오물풍선,2.838037073245018,-2.302211763510525,풍선,0.15,27.0,3.32,감시 지속,none
36,72.0,T08,bird,조류,-4.918988379018529,0.548077452932663,새/기타,0.1,6.5,3.51,감시 지속,none
36,72.0,T09,balloon,고고도 미사일 풍선,-2.2213646452420948,4.8702764255352795,풍선,0.15,30.6,2.38,감시 지속,none
36,72.0,T11,drone,고정익,2.3077949629146874,0.9538238963254543,드론,0.95,79.4,0.2,물리 요격(최후수단),hard
36,72.0,T12,drone,고정익,2.9694890832238348,1.289871048859782,드론,0.95,95.4,0.55,물리 요격(최후수단),hard
36,72.0,T13,drone,회전익(헬기형),3.2223853431544205,-2.2019587741106776,드론,0.95,54.0,3.28,RF 재밍,soft
36,72.0,T14,bird,조류,3.4500459714851637,-3.5359265214106665,새/기타,0.1,6.5,4.63,감시 지속,none
36,72.0,T15,bird,조류,-0.6492142829345081,3.9697542512568105,새/기타,0.1,52.7,2.0,포획·유도 회수,soft
36,72.0,T16,bird,조류,-1.5803754781676334,-4.4743751129105025,새/기타,0.1,6.5,4.75,감시 지속,none
36,72.0,T17,balloon,고고도 미사일 풍선,-2.983025592084226,1.3132865688911246,풍선,0.15,59.1,1.54,포획·유도 회수,soft
36,72.0,T18,bird,조류,0.11437263746953898,-3.5335538488924088,새/기타,0.1,25.5,3.54,감시 지속,none
36,72.0,T19,bird,조류,1.5814864514546954,-3.250190388392925,새/기타,0.1,6.5,3.61,감시 지속,none
37,74.0,T00,bird,조류,-4.984809703584803,-1.22409912267659,새/기타,0.1,25.5,4.77,감시 지속,none
37,74.0,T01,drone,고정익,1.7748916140717153,1.6021848254036821,드론,0.95,91.9,0.94,물리 요격(최후수단),hard
37,74.0,T02,bird,조류,-3.835804763750316,-0.39141126837627954,새/기타,0.1,25.5,3.42,감시 지속,none
37,74.0,T03,balloon,오물풍선,-0.8317584896435872,-3.3834305723796754,풍선,0.15,27.0,3.48,감시 지속,none
37,74.0,T04,balloon,고고도 미사일 풍선,-5.037210605438133,0.768984035454928,풍선,0.15,8.0,3.5,감시 지속,none
37,74.0,T05,drone,자폭형(FPV),-1.0366864061961039,0.12517852556598993,드론,0.95,90.9,1.04,물리 요격(최후수단),hard
37,74.0,T06,bird,조류,-3.367511684166167,-2.860115358470368,새/기타,0.1,25.5,4.42,감시 지속,none
37,74.0,T07,balloon,오물풍선,2.778037630542831,-2.280066182741555,풍선,0.15,27.0,3.29,감시 지속,none
37,74.0,T08,bird,조류,-4.939639336257327,0.5974117426669819,새/기타,0.1,25.2,3.5,감시 지속,none
37,74.0,T09,balloon,고고도 미사일 풍선,-2.301231418964237,4.810644167069578,풍선,0.15,50.2,2.33,포획·유도 회수,soft
37,74.0,T10,bird,조류,2.5550640834607656,-2.2696018125070054,새/기타,0.1,6.5,3.27,감시 지속,none
37,74.0,T11,drone,고정익,2.272262684049884,0.9631661505380837,드론,0.95,79.1,0.23,물리 요격(최후수단),hard
37,74.0,T12,drone,고정익,2.9569280997830254,1.2811826671132356,드론,0.95,95.5,0.54,물리 요격(최후수단),hard
37,74.0,T13,drone,회전익(헬기형),3.1669538768795595,-2.1591954371929933,드론,0.95,54.0,3.23,RF 재밍,soft
37,74.0,T14,bird,조류,3.3782861848256145,-3.650818389859899,새/기타,0.1,6.5,4.73,감시 지속,none
37,74.0,T15,bird,조류,-0.6287658033592216,3.9142685284415184,새/기타,0.1,53.0,1.97,포획·유도 회수,soft
37,74.0,T16,bird,조류,-1.5812471100186667,-4.567263517763431,새/기타,0.1,6.5,4.83,감시 지속,none
37,74.0,T17,balloon,고고도 미사일 풍선,-2.8992677668217444,1.2052228090173456,풍선,0.15,39.7,1.58,감시 지속,none
37,74.0,T18,bird,조류,0.19322173335332227,-3.583877662641022,새/기타,0.1,6.5,3.59,감시 지속,none
37,74.0,T19,bird,조류,1.684238431762806,-3.1332803970014,새/기타,0.1,25.5,3.56,감시 지속,none
38,76.0,T01,drone,고정익,1.728356648150185,1.6679595659461532,드론,0.95,72.2,1.02,물리 요격(최후수단),hard
38,76.0,T02,bird,조류,-3.8439403958312495,-0.3899943104030349,새/기타,0.1,6.5,3.43,감시 지속,none
38,76.0,T03,balloon,오물풍선,-0.687454471858393,-3.471246201818144,풍선,0.15,8.0,3.54,감시 지속,none
38,76.0,T04,balloon,고고도 미사일 풍선,-5.027773476777287,0.8263596452818509,풍선,0.15,27.0,3.46,감시 지속,none
38,76.0,T06,bird,조류,-3.296506887376416,-2.9248311892924375,새/기타,0.1,25.5,4.41,감시 지속,none
38,76.0,T07,balloon,오물풍선,2.7388425602301774,-2.415464161351947,풍선,0.15,8.0,3.42,감시 지속,none
38,76.0,T08,bird,조류,-4.859137763584512,0.594866781333474,새/기타,0.1,25.5,3.44,감시 지속,none
38,76.0,T09,balloon,고고도 미사일 풍선,-2.3504393492532274,4.869514922260412,풍선,0.15,30.4,2.4,감시 지속,none
38,76.0,T10,bird,조류,2.5573332412857885,-2.191342880018519,새/기타,0.1,25.5,3.19,감시 지속,none
38,76.0,T11,drone,고정익,2.278086829624588,0.8638205014612114,드론,0.95,78.8,0.26,물리 요격(최후수단),hard
38,76.0,T13,drone,회전익(헬기형),3.159133370214898,-2.2593783465687176,드론,0.95,35.0,3.33,감시 지속,none
38,76.0,T14,bird,조류,3.3978773069135357,-3.566856094571271,새/기타,0.1,25.5,4.65,감시 지속,none
38,76.0,T15,bird,조류,-0.6237306554960528,3.870384423860549,새/기타,0.1,53.3,1.94,포획·유도 회수,soft
38,76.0,T16,bird,조류,-1.5104415595376146,-4.5488697629239585,새/기타,0.1,25.5,4.79,감시 지속,none
38,76.0,T17,balloon,고고도 미사일 풍선,-2.9640355200417026,1.1966760689734022,풍선,0.15,39.3,1.62,감시 지속,none
38,76.0,T18,bird,조류,0.213594237862249,-3.5400561851676167,새/기타,0.1,25.5,3.55,감시 지속,none
38,76.0,T19,bird,조류,1.642576261278185,-3.154408359361769,새/기타,0.1,8.0,3.56,감시 지속,none
39,78.0,T00,bird,조류,-5.023198543677093,-1.311629383982246,새/기타,0.1,6.5,4.87,감시 지속,none
39,78.0,T01,drone,고정익,1.6741386010383794,1.6683906796874204,드론,0.95,71.8,1.06,물리 요격(최후수단),hard
39,78.0,T02,bird,조류,-3.7346952671399083,-0.38276663379082504,새/기타,0.1,25.5,3.36,감시 지속,none
39,78.0,T04,balloon,고고도 미사일 풍선,-5.038423116833246,0.8305272052267826,풍선,0.15,8.0,3.47,감시 지속,none
39,78.0,T05,drone,자폭형(FPV),-0.8924888569124205,0.10402984833558157,드론,0.95,92.3,0.9,물리 요격(최후수단),hard
39,78.0,T06,bird,조류,-3.3155233303526015,-2.9531359580336325,새/기타,0.1,6.5,4.44,감시 지속,none
39,78.0,T07,balloon,오물풍선,2.7723180142472,-2.237131142879014,풍선,0.15,27.0,3.25,감시 지속,none
39,78.0,T08,bird,조류,-4.912449771877714,0.559205838043611,새/기타,0.1,6.5,3.5,감시 지속,none
39,78.0,T09,balloon,고고도 미사일 풍선,-2.35547593014497,4.891548399313326,풍선,0.15,30.1,2.42,감시 지속,none
39,78.0,T10,bird,조류,2.5377314248813003,-2.1523765912604023,새/기타,0.1,25.5,3.15,감시 지속,none
39,78.0,T11,drone,고정익,2.2534424326617257,0.8912780072992416,드론,0.95,78.8,0.27,물리 요격(최후수단),hard
39,78.0,T12,drone,고정익,2.858963638564328,1.212360587834075,드론,0.95,96.5,0.42,물리 요격(최후수단),hard
39,78.0,T13,drone,회전익(헬기형),3.2231206944398294,-2.144429964281657,드론,0.95,54.0,3.23,RF 재밍,soft
39,78.0,T14,bird,조류,3.399103203858897,-3.6130450222842563,새/기타,0.1,6.5,4.7,감시 지속,none
39,78.0,T15,bird,조류,-0.6906184184018638,3.953988284769728,새/기타,0.1,34.2,1.96,감시 지속,none
39,78.0,T16,bird,조류,-1.5284748018478185,-4.578146227174491,새/기타,0.1,6.5,4.83,감시 지속,none
39,78.0,T17,balloon,고고도 미사일 풍선,-2.8865751280320313,1.266285426126492,풍선,0.15,59.3,1.52,포획·유도 회수,soft
39,78.0,T18,bird,조류,0.24360457047263465,-3.5019458493531492,새/기타,0.1,25.5,3.51,감시 지속,none
39,78.0,T19,bird,조류,1.70751121757833,-3.0950478493265337,새/기타,0.1,25.5,3.53,감시 지속,none
